,contrast,B_shadow,B_dark,B_light,B_highlight,G_shadow,G_dark,G_light,G_highlight,R_shadow,R_dark,R_light,R_highlight,B_average,G_average,R_average,sharpness,red_average,orange_average,yellow_average,green_average,cyan_average,blue_average,purple_average,pc1,pc2,pc3,pc4,pc5,pc6,pc7,pc8,pc9,pc10,pc11,pc12,pc13,pc14,pc15,pc16,pc17,pc18,pc19,pc20,pc21,pc22,pc23,pc24,pc25,pc26,pc27,pc28,pc29,pc30,images_names
0,0.012255647708596846,0.00718513336101978,0.018429501766376477,0.011085523021859991,0.01609118901495791,0.0075786768510861195,0.01900857146299734,0.012866338221588437,0.01212236497890475,0.009700829271021776,0.018498691719106536,0.013076809691586366,0.009047520964334171,0.012808461395498405,0.012031559898544635,0.011049535326931823,0.019821779693075574,0.007838267082621387,0.013437069545763496,0.010327919667743504,0.0011417156075026057,0.014419998845694079,0.015287362164461143,0.016582762737685126,-0.0318371332,-0.044468462599999994,0.05321604392,0.10470854040000002,-0.062233704599999995,-0.0408634078,-0.17217328399999998,-0.05459285030000001,0.0818396406,0.02388590354,0.111813542,-0.0723181956,0.11805917340000001,0.03627475919999999,-0.04332267906,0.0364171384,-0.029820595999999998,0.0650193474,-0.0086070592,0.033617062600000004,-0.048325213,0.10992512620000001,-0.0034662040000000005,-0.0090344557,0.0128202017,0.0452018484,-0.005538557799999999,-0.0022952132399999977,-0.0187350096,0.03465889781999999,"20190422-DSC04799.jpg,IMG_2289.jpg,IMG_2300.jpg,IMG_2302.jpg,IMG_4099.jpg"
1,0.011183067167761985,0.003507226346225514,0.011074742912871695,0.01942173258084376,0.015857875023996548,0.004291356733091844,0.009221284461100862,0.01849526697204248,0.01752979275624941,0.005398067345247878,0.007001932224448673,0.01456619844585474,0.02249933492783578,0.014914319758122019,0.014968570541957155,0.01529574067477945,0.0064305294963532865,0.0006102466836745515,0.02149680133650911,0.017267480378139893,0.00041790314846269295,0.018620492866600804,0.02270211884751237,0.0062815997550006416,-0.10944014,-0.02955780333333333,0.04811694,-0.11339817333333334,0.03598127776666667,0.004683424500000001,-0.014482887666666668,-0.007413916666666666,0.12288027333333333,-0.0111407585,-0.05292479733333333,-0.001994051466666667,0.18437828666666667,0.11273771366666667,0.11715981066666666,-0.12901197666666667,0.01957280933333333,0.14358298,-0.15330706333333333,-0.0888048,0.05718363166666666,-0.11302416233333334,-0.016532391333333337,0.007356533666666667,0.04787702199999999,0.1497962466666667,-0.03810016833333333,0.06404564433333333,0.21827317,-0.18571172466666666,"20190824-DSC06269.jpg,20191231-DSC06485.jpg,20191231-DSC06489.jpg"
2,0.00913967402090354,0.020869469203496655,0.008389374649547362,0.0036149799815751046,0.00370407140032704,0.020314240821124374,0.007868920871173534,0.003906692959050789,0.005033865239474755,0.018818356414708335,0.008106366591519091,0.004057914710381494,0.006685192451522243,0.005667981769697965,0.006324289038566128,0.007348114128266578,0.003111011035906527,0.02589064477880209,0.009099503035411663,0.007112729212670832,0.0029364654555942794,0.00010377739595796458,0.00541410062428875,0.003441141677679025,-0.16672797952380952,-0.02894300802380952,-0.044604799400000006,-0.03487978669285715,-0.006462629039523809,0.03723236766190477,0.04514916744761905,0.0040231912961904755,0.009660073257142856,0.0407437487,-0.0021600303999999996,-0.033359699219047606,0.0074048517,-0.0057914196047619045,0.01167519542047619,0.005285107109523811,0.05569037930000001,0.021069454488571428,-0.017338803561904766,-0.0451006260952381,0.0040251780047619035,4.079968571428736e-05,0.03231915810952382,0.0009276927101904763,-0.03889999420476191,-0.03626334754285714,0.015128485261904764,-0.0031191593895238097,0.009061839504761905,0.005554065880952382,"20180618-DSC02840.jpg,20180622-DSC03296.jpg,20180831-GOPR0775.jpg,20180901-GOPR0854.jpg,20180902-20180902-DSC03657.jpg,20180902-DSC03484.jpg,20180902-DSC03506.jpg,20180902-DSC03512.jpg,20180902-DSC03681.jpg,20180902-IMG_4613.jpg,20180902-IMG_4614.jpg,20180903-DSC03714.jpg,20180903-DSC03729.jpg,20180903-DSC03733.jpg,20190112-DSC04345.jpg,20190112-DSC04359.jpg,20190112-DSC04374.jpg,20190804-DSC06092.jpg,DSC08673-2-1.jpg,Digital_Monster.jpg,Fire1.jpg"
3,0.013946296120860513,0.018262167974543952,0.012032930493376875,0.003883670094132016,0.006375069025673113,0.018451545489836498,0.011330216601435718,0.0037339450865254854,0.006977160728143001,0.017737741413013437,0.011339018803160537,0.00416157951391538,0.0070983603883882215,0.007203777583328742,0.007324390635445167,0.007625486207695603,0.004614091662116162,0.025381456186957134,0.0127236588547908,0.010056140978531653,0.00020129916824188426,2.3075460005031837e-05,2.928887694077884e-05,0.0034045305435412235,0.077046338,-0.06884572,-0.11101881,0.210380275,0.004130769499999999,-0.1238545,0.10809683250000002,0.13316103,-0.087045487,0.01205737,0.0019354847,-0.06961563800000001,0.034323045499999996,0.054315049,-0.0629043225,0.1098010205,-0.0807821585,-0.044553747500000004,0.038734002000000003,-0.10965180499999999,0.19364661,0.1456000585,-0.07089111648,0.33230105,0.23432481,-0.12773415500000002,0.0349160945,-0.071323535,0.021921199000000002,0.040024997500000006,"20190713-DSC05725.jpg,20190713-DSC05727.jpg"
4,0.008692446333735804,0.0063280637851986545,0.013953446618919195,0.016574703124582067,0.00977987848103789,0.006881900735863379,0.01578568023589671,0.014372446220970416,0.009436827272630587,0.007337129140399571,0.01608546627409474,0.014617269660071958,0.008652852643226594,0.012455710018651587,0.011956244037047191,0.011707021692143264,0.007124410740337559,0.006103863616431691,0.006659778222034999,0.0048918958736173974,0.008728669186041225,0.011782171778804786,0.012004991426667262,0.02426342126129275,-0.13071992738888888,-0.023559834127777776,-0.004310898172222224,0.0036729088277777776,0.0030698153927777782,0.010392297149999999,-0.049020135288888884,-0.024139519772222222,0.03339928671666667,0.028356329411111117,-0.0038420536,0.014862504055555555,0.0742667322611111,0.011948239188888888,-0.0022402228650000005,-0.013232059088888892,0.005353461533333333,0.007175315788888888,0.0031377716583333324,-0.0003291353777777783,-0.009790478238888888,-0.020873668161111116,0.008864791227777776,-0.010775533703888892,0.04105417036666667,-0.009477588388888888,-0.010464923991666666,0.0028053374855555543,-0.010449612127777778,-0.016629362405555556,"20170716-DSC08368.jpg,20190425-DSC05686.jpg,20190804-DSC06089.jpg,20190804-DSC06090.jpg,20190824-DSC06287.jpg,20190824-DSC06300.jpg,20190824-DSC06318.jpg,20190824-DSC06325.jpg,20190824-DSC06345.jpg,China.jpg,DSC08611.jpg,DSC08735.jpg,IMG_2049.jpg,IMG_2299.jpg,IMG_2331.jpg,IMG_4096.jpg,IMG_4358.jpg,IMG_4375.jpg"
5,0.01062759949408653,0.0026976252841182553,0.0030486796658365516,0.01228119105336477,0.024050888829547392,0.0027521925017402245,0.0028647751109895287,0.012256142790120952,0.02484419486811729,0.002698965908056663,0.002866320587325309,0.013477591790557752,0.022775040701929664,0.017043605963454122,0.017050195555971568,0.016911546381234425,0.008242039223409844,0.003790186316953029,0.0033449730126683154,0.03286532045845716,1.3110992450138847e-06,7.604776311127121e-05,1.308775114651972e-07,0.016800997399188188,-0.05948286555555555,-0.03552742345555556,-0.039141057166666667,0.02718101448888889,0.045107668222222216,-0.0682912450888889,0.05658037322222223,0.03208208096666667,-0.08135798799999999,0.060207954111111114,-0.020131585766666668,0.03462615095555556,-0.15310042722222222,-0.0022859695888888896,0.030592267144444445,-0.025342226699999998,-0.08438551366666666,0.022882146944444445,-0.09702521355555556,0.07477315833333333,-0.050406242999999996,0.0495756387,-0.12340632933333334,0.025328581222222226,0.036603199,0.01898845531111111,-0.06408464888888889,-0.007765832555555556,0.021919464966666666,0.0009119775555555565,"Allen.jpg,Aria.jpg,Ellie.jpg,Fiona.jpg,Hao.jpg,JJ.jpg,Rocky.jpg,Xinyu.jpg,Zach.jpg"
6,0.010328625508276254,0.010337223692033867,0.017152170293457756,0.007741392451473749,0.002873839176974996,0.010171530926658765,0.01688765730271282,0.007513186619082306,0.00308530222943918,0.007016641459796544,0.017620251450337125,0.011556891948048237,0.003281007206949471,0.008734621371946243,0.00882686801577471,0.010118033675078233,0.005793153279654335,0.011940055326344817,0.016594578731784063,0.0019731051399841147,0.005201883613447415,0.004476639240976176,0.00562711132482402,0.0083313258152743,0.28814077,0.0619736723,-0.12410662,0.30903444999999996,-0.135296416,-0.18425732500000003,-0.115329865,0.034049642500000005,-0.1023713835,0.10703288999999999,-0.0399040215,-0.120520925,-0.1182764875,-0.08002912000000001,-0.17696724,-0.022973962,0.09894466500000001,-0.091252215,-0.004629599999999999,-0.082727735,-0.064332645,-0.033223763,-0.15179154,0.0337661385,-0.10089902749999999,-0.06877923,-0.132986,0.035464103,0.1797509,0.037993126,"20180628-DSC03306.jpg,20180628-DSC03338.jpg"
7,0.01083186346893736,0.007314672398201501,0.011880860747605205,0.01562374000773902,0.014566587907618965,0.007048650781130659,0.01282211546953252,0.017394614502698632,0.011704637117113142,0.011009058705397206,0.014961801662712729,0.009926111004025693,0.012086094543440519,0.0124262956431436,0.012121647153550753,0.010237992679306605,0.0074443807632776195,0.009149560984977068,0.016966008246723785,0.01382404476918028,0.0027267489189321445,0.04411376013483884,0.00828157152923637,0.0007003332457366566,-0.09233220766666667,-0.031484294,0.019209559433333332,-0.07141292633333335,0.081415728,0.022879736,-0.005615660833333337,0.07047048166666665,0.04389078,0.019788237219999998,0.037067386,0.003698895333333335,-0.027348406000000002,0.013024090666666667,-0.045018301149999995,0.039853359666666664,0.09607227666666666,0.0065537705,0.030452163766666665,-0.098737387,0.04481682666666666,-0.02341966666666667,-0.018326054666666668,-0.17066607,0.05088278603333333,0.052004321666666666,0.04139759366666667,-0.08242509766666667,0.0026469003333333316,-0.05678222,"20181225-DSC04201.jpg,20181225-DSC04214.jpg,mountain_sea.jpg"
8,0.011894823061292581,0.02012059173653065,0.009952631015102843,0.00544319781095457,0.004047041493285901,0.020678832984164303,0.01021508613220613,0.004746456630378913,0.003822582918764343,0.021349840673498325,0.01089661372623356,0.003452052287355543,0.003314329269257662,0.007247517914495501,0.007019147511777081,0.0064990622886462405,0.009307783173246544,0.02345987259552284,0.006539241662085582,0.004433992679844893,0.017558416335164632,0.006536616997938076,0.011622972555076454,0.005759411408216749,0.068535773,0.0392218525,0.040316591,0.015403007500000003,-0.07591577699999999,-0.079407375,-0.14366155,-0.0722945879,0.006242845150000001,-0.066260411,0.12697014499999998,-0.268489345,-0.12101945,-0.151698415,-0.10644355999999999,0.045197325,-0.10948398000000001,0.057493502,0.0250994325,0.088304304,-0.026653608500000002,0.02572087885,0.0623325735,-0.13319273,-0.071597468,-0.05258446,-0.12341969,0.06330013599999999,0.049298916,0.070080636,"20190423-DSC05082.jpg,20190423-DSC05096.jpg"
9,0.013340593751111532,0.007184513575387616,0.016158227233349493,0.011814109226380959,0.019483923366550613,0.007302736670842206,0.015231679435294262,0.01178595915212783,0.020137737083129763,0.007244760226811647,0.01504594128649004,0.012967304503580041,0.018441932951016968,0.013349036513571621,0.013362458670037903,0.013231242871782367,0.020256170238440105,0.01005755558369184,0.016708682588166313,0.02737886585541073,0.0,0.0,0.0,0.01435047018884297,-0.0645354045,0.063933501,0.0658400415,-0.1115278425,0.0853688875,0.06921975799999999,-0.0161385265,0.0483958285,-0.07314572849999999,-0.21824116999999998,-0.0173529215,-0.03552869,-0.0455848151,0.0272162955,0.0342094414,-0.16187906000000002,0.028598549579999997,-0.04916904675,-0.053239538999999995,-0.065967935,-0.005805626500000001,0.08978636549999999,0.125922455,-0.06057921200000001,-0.07523017500000001,0.0486845821,0.103951758,0.136325475,-0.064149339,0.05637259,"20180831-GOPR0559.jpg,20180831-GOPR0669.jpg"
10,0.009389062728830309,0.016698534073921866,0.02584256140247893,0.0030630123838346693,0.001759916247493411,0.017847521627433707,0.02287139050769629,0.0030698881226874307,0.0018180709551402765,0.017703042082307417,0.021843358642880204,0.0038807264156206275,0.0018386167226686157,0.006788359343721538,0.006444273844948525,0.0064884539041577816,0.010979412806770755,0.017958145560315875,0.00934438757752764,0.0016317848995555393,0.008772636444881443,0.0017390796451367293,0.024569947319888808,0.012306360807591616,-6.392124999999964e-05,0.14734865,0.032756842,0.072575429,0.020406045999999997,0.0792055925,0.101111545,-0.025935190000000004,-0.01637441,0.082701965,0.041074527,0.0266871075,0.001696114999999998,-0.04339192,0.0018267289999999992,-0.06281361460000001,-0.0302218815,0.06454600149999999,-0.0048995435000000025,0.0081529745,-0.019417875000000005,0.033660008000000005,-0.016178137000000002,0.0263734235,-0.07567431200000001,-0.0439407725,0.08500967749999999,0.09770996,-0.046957796,0.0164287835,"20190804-DSC06103.jpg,IMG_4356.jpg"
11,0.003559813444830893,5.8322346394584e-05,0.0017014831596084234,0.018099222052170728,0.024892226005108976,4.1109993116542516e-05,0.0018073553865736655,0.023244596351392706,0.018801169416385217,0.0005451974058515503,0.002606079235214844,0.02613400922003025,0.01502390848688701,0.0182412155238827,0.017746880169463134,0.01680860486637253,0.0036505115590990188,3.7434860319227074e-06,0.00017708463316831906,0.00023115113677963373,0.000509761227992688,0.05419926608312932,0.0021210481422153696,0.025855095288858973,-0.14159723425,0.060649538625000006,0.048280595287500006,-0.0379699050625,0.0178163414125,0.017030008125000003,-0.0244595757,0.01336099587875,0.01238231063375,-0.042850833625,-0.07141809275000001,0.06291117637499999,0.02570054825,0.015535795575000002,-0.039873804625,0.0101869579875,0.009027762055,-0.009512893356250001,0.0420241255625,0.05746693625,-0.0802354515375,-0.06505426275000001,-0.038445637625,-0.054242346749999996,0.0366336178125,-0.029446085,-0.09805856937499999,-0.041229486875,-0.040820595499999994,0.048737996625,"DSC08609.jpg,DSC08621.jpg,DSC08632.jpg,DSC08634.jpg,DSC08658.jpg,DSC08666.jpg,IMG_3975.jpg,IMG_4098.jpg"
12,0.012869342507481736,0.007487678606911752,0.016890421354914344,0.015049812312411998,0.014219011631890523,0.00695613987920038,0.015644581893665174,0.015101490688662138,0.01600078391374614,0.006898057339325487,0.014864253463298728,0.016028130885551276,0.015855305543865758,0.01287216363255295,0.013312020502513457,0.013403964232147077,0.06993686878009653,0.00592226344236445,0.03437055259381338,0.02449057425708414,0.028059912380535575,5.073403677780672e-05,2.4146900865328883e-05,8.507324135878227e-05,0.17365056,-0.006627353000000001,0.045869112000000004,0.03913774,0.13157044,-0.055385936,-0.42790934,-0.29376918,-0.048614692,0.064905934,0.22871862,-0.15062268,-0.16199319,-0.093653485,0.24060676,0.28855549999999996,-0.40635446,0.22447399999999998,0.00273043,0.3581935,0.03238274,-0.121241435,-0.04294625,-0.23357166,0.12308310000000001,-0.14677763,0.5974903,0.13135836,0.1803098,0.0011099682,IMG_2067.jpg
13,0.01263079063659604,0.012368402906833782,0.015368486837796052,0.01139100333696331,0.0071181432491825266,0.012674210585086393,0.01635955904194561,0.010352951964634581,0.0065702237077230954,0.01293191199050881,0.014247640795206323,0.009233997886970307,0.009601758751443302,0.010114611424657128,0.009714304829502118,0.01011265136597584,0.017381542377076363,0.011488545352045007,0.015810500697791243,0.006004034703015101,0.01989361520045886,0.016135960397181424,0.014588859825020594,0.007188752206818964,0.014383641800000003,-0.0028566610000000004,-0.0101911331,0.081479522,-0.0517336569,-0.09253924599999999,-0.17543325680000002,-0.126310495,0.0011494078800000002,0.040284970700000006,0.05788690714,-0.06901886719999999,-0.02439016486,-0.04197305,0.005458729980000002,0.00055785166,-0.030311687799999997,0.02385811,-0.024350794592000003,0.058182228999999995,0.0164842486,-0.0638940874,-0.00340542908,-0.021307811599999997,-0.0295723744,-0.020554443080000002,-0.0008784648200000002,0.006089284339999998,0.008558706259999998,0.009817832879999999,"20180405-DSC01342.jpg,20180407-DSC01703.jpg,20180618-DSC02604.jpg,20181225-DSC04177.jpg,IMG_2312.jpg"
14,0.015055469007722682,0.010076349237752667,0.005085548410572873,0.02142270769085607,0.006009635386269535,0.010056330438933763,0.004852925142172602,0.020133128693865562,0.008083309809028865,0.010082322100121057,0.0045902911341368065,0.013287346206908683,0.017023786819590984,0.01167148255092516,0.012032011790250104,0.012375308550967369,0.009962247158287751,0.007825147746543975,0.028472060097784867,0.012384040753282363,0.011875073712822964,7.647409955478218e-06,0.013576561033715689,0.0011852820759969233,0.07640934299999999,-0.0388145595,0.009174022499999997,-0.02074198,0.0012929111500000006,-0.082956048,0.054319633000000006,-0.04305393,0.019039421,0.016042713474999998,-0.0082087135,0.06428506525,-0.13404425,0.02913292,-0.00396264495,0.0441254395,-0.003405298149999999,0.066369698,-0.0585182615,-0.018731486999999998,-0.03909569,0.13585077499999998,0.03854361,-0.0616540285,0.07107705924999999,0.0051603115,-0.16184779999999999,-0.091836773,0.056786275,-0.06008493100000001,"20191228-DSC06364.jpg,DSC06705.jpg"
15,0.01315035450796085,0.007681183054187587,0.01191405354778281,0.016320025107286314,0.01009176400049428,0.0077592704190815286,0.010951942890648114,0.016796628167778473,0.010130258766538315,0.007816323373692206,0.01097486396594188,0.0183829793917577,0.009043728375292631,0.012139190394568337,0.012182711023310276,0.011945453915898793,0.009004414994574448,0.00465853351690405,0.013355294294299769,0.0063430517078717115,0.006977884371444516,0.011097910668978903,0.016525269120154888,0.017946175844291548,0.114558367,-0.0742294235,-0.11430214,-0.07763309,-0.204645395,0.120405965,0.031016574999999998,-0.240070135,-0.026736548000000002,-0.0488793765,-0.055336808,0.157186625,-0.11687977499999999,0.041760849,-0.059892764,-0.099247132,-0.0475446655,0.17235562,-0.026248783000000005,0.13041682,-0.00842217375,-0.0899391075,0.0126109475,0.11347610999999999,-0.0272460795,0.207556995,-0.09672674,-0.097073358,-0.301779095,0.0946083125,"DSC06651.jpg,DSC06729.jpg"
16,0.013998585555108906,0.008221865376996448,0.01265214706198427,0.014964993987967187,0.010180501663259957,0.00799782723308616,0.010451965697109721,0.016231229091984933,0.010966643570076824,0.007507467965094633,0.00960843595633773,0.0181891968409852,0.011049261712581917,0.012255490333788692,0.012723609164907838,0.012947320483437642,0.004293523484593696,0.0060853318710635835,0.030639678672663075,0.01675647394526925,0.0028933104477714814,9.773762967489236e-05,0.012860376639101145,0.0002483820278752795,0.213808515,-0.005300787249999999,-0.15963192,-0.0939191475,-0.20007123,-0.011958204,0.015328036500000001,-0.19932118999999998,0.005844391000000001,-0.011155652499999998,-0.010126030000000001,0.0621760283,-0.0840239015,-0.107080023,0.061265246649999994,-0.06249375,-0.028603197,0.013243565499999999,0.13651419,0.003699378999999999,0.015182893999999999,0.031944441999999997,0.083697297,0.022692806,0.030295237500000002,-0.06259667,-0.01397376775,-0.026098729,0.0705391365,-0.026666462000000002,"DSC06649.jpg,DSC06771.jpg"
17,0.014460150980296111,0.006381842220975777,0.004551010092124455,0.014233950481220383,0.016292858567649778,0.0065198435006409445,0.004191754678277736,0.014020894214962018,0.017116531235188356,0.006540370783549224,0.0038622054770648486,0.014486499516992511,0.01684239506397599,0.01413434115300132,0.014211041305481948,0.014314692619132893,0.006077510011375265,0.007771569732674054,0.007143526069272893,0.023485566273855174,0.001542047429845984,1.6773674449385152e-05,0.003571974481663894,0.014852168058452896,-0.112993906,-0.003985492750000001,-0.038435299124999996,0.011513603050000001,0.02100042075,0.01711802,0.02318409225,-0.0031666530999999998,-0.046130501500000004,0.042894154749999996,-0.0304568994,0.013636483549999998,-0.049120032,0.0017310069,0.029003797249999998,-0.0129524261,-0.054771806250000006,0.0046316405,-0.04075517275,0.0325429525,-0.0022457517500000007,0.015364822775000002,-0.03846537425,0.0683251045,0.017690350799999997,-0.0020542386250000004,-0.003967699075,0.019121490825,0.03384609275,0.04055256275,"20200101-DSC06606.jpg,Dunyeng.jpg,Jue.jpg,Snow_Monster.jpg"
18,0.012019512079148614,0.017114089972125948,0.015448947301150947,0.008040642810266431,0.005692109036271555,0.01788155990937468,0.01478443088616352,0.007769321021261117,0.005142501472709976,0.017457585266722267,0.014439263301557021,0.008741165099318222,0.005108182426701124,0.007740877001134038,0.007436945162545024,0.007592877783251684,0.01556734550255879,0.020883601610988886,0.013870947300278552,0.006427664273316872,0.0010535785834041279,0.0019418559160816402,0.012217742889054825,0.009192854432608167,-0.029037493000000008,-0.010893316666666666,-0.0241000162,0.17356856666666667,0.048520337000000004,0.06950770166666666,0.04777342833333333,0.030946214833333336,-0.07167372899999999,0.011574962666666667,0.09736120799999999,0.022929098,-0.04620811366666667,-0.04768703999999999,0.016457901333333334,-0.06544801333333333,0.026072659999999998,-0.04733508866666667,-0.013270247899999999,-0.08283069666666666,0.059488080866666675,0.02734050009333333,-0.046842396,-0.01949031533333333,-0.08869679066666668,0.01378813266666667,0.05515784921333333,-0.04219145366666666,-0.01276134233333333,-0.054889921333333334,"20180831-GOPR0589.jpg,20180831-GOPR0747.jpg,DSC09915-1.jpg"
19,0.009547230079054482,0.026313916787738468,0.0009029208708817298,0.00041407547297339864,0.0001742261548388632,0.02398270092582566,0.003568463515436175,0.0013851169556366415,0.0009077280086875935,0.02139213157186969,0.0032740689874008605,0.0023337524453619523,0.0040291540261341565,0.000586758208483,0.0020932108172562257,0.0039809054620744515,0.001904515953023071,0.03294067732963083,0.005245558852316134,0.0013785636787780025,0.00033982134689082647,1.8279175015533305e-05,0.00011532825635304359,6.846740772761875e-05,-0.15519403,0.012441664566666668,-0.030128314333333336,-0.06883861666666667,0.0007608635333333334,0.08676606999999999,0.176572865,0.07714596,0.015402171,0.09180441,0.03758878966666667,-0.07319558666666666,-0.11137853266666665,-0.05022342233333333,-0.09599477633333332,0.07996358333333334,0.22739547999999998,0.08564586766666667,0.005877317333333336,-0.125243315,-0.024895191666666667,0.004414337133333332,-0.024315446,0.03667212783333334,-0.13178273033333335,-0.14088533666666667,0.20611121666666665,-0.08725428766666665,-0.04007792466666667,0.045592765333333334,"20180902-DSC03633.jpg,20180902-DSC03657.jpg,Fire.jpg"
20,0.015524231438500522,0.009769365266877937,0.01499332730577186,0.006370661467329675,0.017948503893694692,0.009503173716059065,0.014709467667211347,0.006442677234559476,0.018584504592337486,0.00978245808153569,0.014049317247665769,0.007003314930749637,0.0170029767739935,0.012149362693447907,0.012280231433359049,0.012061660732771122,0.020285795373846498,0.011906132126051227,0.015708990533596867,0.02657489365990893,0.013578989974705587,0.00022771695289030265,0.00014664825159675348,0.006756385501533484,0.07131816,-0.11177865,0.006555269,0.10727814599999999,0.049942393,-0.06394113,-0.06481099,0.17730623,0.08352334,1.5395110999999998e-05,-0.09804698,-0.106423005,0.2746668,0.01758788,0.1785961,0.005431196,-0.06349339,-0.10103028,-0.09935339,0.27378055,0.0036961176000000003,-0.0003184473,0.22515555,0.5868426,-0.03502879,-0.09005464,0.26896697,-0.13431574,-0.07605584,0.013624387,IMG_2308.jpg
21,0.012961208226966722,0.011656966762319289,0.01629158593267651,0.005745834185369944,0.007172634195219662,0.010435574004287452,0.015593659294891257,0.007131564256074953,0.007796649790385373,0.011763775924709865,0.013202999121111697,0.007484569175985377,0.007373968186749534,0.009334211444267557,0.010154805122898682,0.009502569188634548,0.040215703239415,0.0023814780068240225,0.01548666979554857,0.006828339712948777,0.09670733910714181,0.00816583507078757,0.0064572573125468834,0.004474869680158169,-0.12078015,0.044310625750000006,0.0018934956749999997,0.0739822705,0.05075201224999999,-0.0003716004999999999,-0.09944701625,-0.02353231485325,-0.020755532849999998,0.04862408785000001,-0.020855334750000003,0.032114925499999995,0.054527380424999994,0.0252289505,0.050046134500000006,0.004504783625,-0.014823521874999999,-0.002884500125000001,0.028615792000000004,-0.004200615925,0.11168673375,-0.082306913,-0.031789342,0.0796642065,-0.036028055749999996,-0.03188558525,-0.0133373505,0.00573810525,0.002334947799999999,-0.0248145004,"20180618-DSC02825.jpg,DSC07848.jpg,DSC08485.jpg,DSC08486.jpg"
22,0.012853993048568244,0.01686943592992812,0.009807656579033002,0.007611021086402526,0.003692571353381939,0.017020634938998778,0.00913703958087541,0.007182420484360437,0.004680419333852509,0.016992478318900953,0.00916418030117518,0.0076353908648403865,0.004272306073927882,0.006960969314112735,0.007077079653152772,0.0069595231412773175,0.0028847329999692204,0.0202005481221521,0.0092392595102106,0.004437481724284208,0.005892644688450398,0.004681453933041624,0.00860096299471586,0.007530198355145147,-0.11137798399999999,-0.05882978425,-0.07158461825,-0.09173720125000001,0.033642602725,0.02174606975,0.11442315150000001,0.0596238775,0.009271288425,0.04505364,-0.017716887675,-0.12239753875,-0.01135924425,-0.03409050925,0.06404000325,0.06945925,0.032410684824999994,0.01946772595,-0.003465478575,0.03337625645,0.0018052845000000005,0.0619523525,0.053172107249999996,0.007832717150000001,-0.021971324645000002,-0.020183100025,-0.05517213775,0.016958402574999996,0.0298221605,0.028264256075,"20170430-DSC04672.jpg,20180902-DSC03635.jpg,DSC06746.jpg,LIMBO.jpg"
23,0.011045846410504486,0.020497267030486592,0.012393933575056413,0.004317306609299413,0.002892029956556202,0.02072024450325756,0.012263605306583427,0.00391447632025231,0.003100971585194327,0.0231103118557913,0.00923646973098787,0.0035553178195439584,0.0023135164429851298,0.006234154127461561,0.006223786782336337,0.005269103381848357,0.01950421818498692,0.0072493887090913575,0.003014150760052773,0.0017805782690967094,0.08011064327585131,0.0064394922269007315,0.04452597912058709,0.006265916467682321,-0.040418025,0.05533878,0.012713242,0.057371202999999996,0.048678473,-0.098159425,0.0672154,0.12682056,-0.16620022,-0.05902872,-0.036672227,-0.14282171,-0.1919265,-0.15115209,-0.020504038999999998,-0.09675083,0.027106976,-0.10494761,-0.0147368,-0.023582786,-0.033862192,-0.12868682,-0.056732804000000005,0.092245355,-0.10424124,-0.012622543,-0.054589797,0.36424798,0.06389588,0.14515407,DSC08589-3-1.jpg
24,0.014472372294762437,0.0077481268145686,0.0009335265851631404,0.022053201764821024,0.001184999355575698,0.00787697093772026,0.0008526441681432364,0.021885812062185657,0.0013999241627506453,0.007972749164660372,0.0005661990210012578,0.005264167334434724,0.021662570605528425,0.012539945827711679,0.01288600214389924,0.013481881492078858,0.016757190738657106,0.00010487405348667039,0.027997170902225917,0.0021260014392891114,0.0399740659376864,2.589993894329209e-05,0.015468921488866194,0.00017242571478458702,0.27977294,-0.89296633,1.6081811000000001,-0.10438275,-0.70209646,0.45690903,0.0022964021,0.030875651,-0.35444018,0.06037131,-0.09087034,-0.073525466,-0.06970424,0.039455853,0.14243561,0.11231247,-0.06788999999999999,-0.112395674,0.04231139,-0.14415064,0.017344644,-9.342423000000001e-05,-0.07549137,0.06688718,-0.010259053,-0.041162662,-0.037048288,0.004555338,0.05272294,0.023580005,20191229-DSC06365.jpg
25,0.013290526351806052,0.006027081187591986,0.01485546561259722,0.011599513163594621,0.016076667771613515,0.006367537753160039,0.01456196024584281,0.011418881054821058,0.015823535729110935,0.006838045038546344,0.01545262046358504,0.01439923606997053,0.010652831272141014,0.013478356558584585,0.013156777905175901,0.012248875583205572,0.012346211105850251,0.0018653163958914718,0.005949361869182948,0.011730245111976957,0.008774680980832826,0.021029631288788955,0.020752607706730316,0.019405291372912168,0.05824001,0.07782572,0.0036092852000000003,0.40832385,0.07548052,0.16842784,0.08692771,-0.0914947,-0.10371923400000001,0.02101119,0.25749528,0.19004877,0.05798515,-0.14791997,0.07050273,-0.037882395,-0.17040974,0.0031871428000000003,-0.0061084265,-0.025894938,0.07063957,-0.014822183000000001,-0.20355584,-0.048775066,-0.30757436,-0.028094774,0.24661723,-0.10739698,-0.039406800000000006,-0.17906491,20190422-DSC04760.jpg
26,0.014455597423881304,0.022636333873981097,0.006044743629654874,0.00280496440660994,0.007101523446899922,0.02200575220227547,0.0067702553966763465,0.0031175144564468556,0.007558953974622291,0.012617487496159492,0.016950108371809453,0.007478190632527662,0.007483188439446048,0.0057974801271091616,0.006155096250573231,0.009316175473444686,0.007044032139545981,0.024683430097911532,0.006738975137310606,0.00757630847131442,0.02320618403195224,0.0075410923048776675,0.010737080298095078,0.0018466482920162976,0.69128287,-0.31420990000000004,-0.407925,0.84442306,0.33086124,1.2754946000000003,0.03664303,-0.011055500000000001,0.45627449999999997,-0.22994672,-0.18581669,-0.22093347,-0.24620192,0.07997241599999999,0.083890304,0.10235888,-0.05195394,0.0019840999,-0.1232137,-0.05349402,-0.14559629999999998,-0.19781403,0.069038145,-0.04340669,0.11687421,-0.0147403795,-0.105516054,0.030715932999999997,0.007745399,0.018342808000000002,DSC09902-1.jpg
27,0.014699728361310437,0.016303276731180073,0.00884463303068682,0.005303976721084012,0.0035654124106167116,0.015752243962173583,0.006996702952769248,0.005233800571148211,0.006556398997988282,0.013475851589185201,0.007313524146520136,0.004591299586134552,0.010322488041626107,0.006559213867960615,0.007641842565413881,0.009338493607641992,0.002378109986618551,0.01992481225439849,0.01318591691798794,0.010041578686150195,3.948875151814096e-05,2.318204411590958e-05,0.0052545106003082645,0.00026833435303342043,0.34643856,-0.058731712,-0.29415917,-0.23248397,-0.24352475,-0.026192927999999997,0.26981223,0.15586999,0.13385546,-0.128725,0.11646372,-0.1326947,0.23426445,-0.16145644,0.5532918000000001,0.07757931,0.011617731000000001,0.010980223999999998,0.34310419999999997,0.0446279,0.17850949,0.16270584,-0.24128142,-0.08911836,-0.028653452000000003,-0.0077322554000000005,-0.078498445,-0.011562193,-0.05713769,0.025360271,20181015-DSC04033.jpg
28,0.012802764456119544,0.005647917534964162,0.01688818293288556,0.008491549176741265,0.01871843967161318,0.008775401250863242,0.014365152215728103,0.010734860303827956,0.012747274292254931,0.007163314961468525,0.013862155608851344,0.009915445805018437,0.016503108711724612,0.013596067490831542,0.011903672090891973,0.013154429437927037,0.008731941579731908,0.00390828811597319,0.006968463698130519,0.005553097855729644,0.020263454229470186,0.021123265430195055,0.01909281407257825,0.018625251331688814,0.12501808,0.023731591,-0.015097496,0.37539870000000003,-0.0027269502,-0.098067895,-0.10513937,0.16366915,-0.16162348,-0.067006916,0.011323267,0.06039233,0.08421769,0.050080485999999994,0.078851275,-0.0075570424,-0.06371769,0.051732405999999995,0.08292481,-0.051517165999999996,0.055815533,0.07512907,-0.049355872,0.24089720000000003,-0.22445263,0.10698571,0.022632927,-0.021708416,-0.118559316,-0.07987693,test.jpg
29,0.0044338176385240475,0.026836107303163933,0.008964608267463231,0.0004121487897278831,0.00021825012957375647,0.031547919374740746,0.0015572681885869762,0.00024458366558259613,0.00013579432626614982,0.02863693826581318,0.005899097981416532,0.0003283235218503565,0.0001560289324235909,0.004269671981719913,0.003183386902053255,0.003741184171838136,0.014462044987769266,0.008793954674443634,0.0002178032854836416,6.01141376002974e-05,0.002366053833566245,0.000197020728957512,0.09462318738547777,0.002254847901733985,-0.076825276,0.12237619599999999,0.10650422,-0.13631053,0.1882279,-0.037150245,0.17239122,0.07375472,0.026139999999999997,-0.0084650265,-0.07624893,-0.130931,-0.07866562,-0.1282819,-0.15113512,0.3584075,-0.057563007,0.029508494,0.10396436,-0.010214671,-0.0035196391,-0.06734874,0.061553013,0.04085259,0.043506197999999996,0.10294172,-0.023032106,0.036485683,-0.055815197999999996,-0.017653711000000002,DSC04743.jpg
30,0.007748309799921928,1.0944170084660586e-07,0.00854171909263743,0.018806821208533414,0.016791388894851694,1.405169600223628e-07,0.008089791119828424,0.018840566982776065,0.017213689349204427,1.3940139553807733e-07,0.007953999533965962,0.02076176458255275,0.015764064353757257,0.016577034099708836,0.016548888957046773,0.016384784829953702,0.01878291898874299,1.4514323871752016e-07,0.010353449528256271,0.008906621281632481,0.0,0.025662496190284184,2.2085580059752025e-06,0.021250976418042997,-0.11266481500000002,0.07283947199999999,0.01347093475,0.05437969,0.0192982629,0.018768672875,-0.006291297049999999,-0.0652074235,-0.070303893,0.07537665075,-0.01844147825,0.06108364575,0.06883584325,-0.0010937767400000004,-0.024058383675000003,-0.017889962099999997,-0.018205686025,-0.038140472,-0.0097662302,0.05570891,0.09554186499999999,-0.17161695999999999,-0.08911413875,0.0011108329999999986,0.026620149749999995,-0.06270442925,-0.10931864599999999,-0.0970810925,-0.10279613225,0.09578078725,"DSC08593.jpg,DSC08596.jpg,DSC08599.jpg,DSC08600.jpg"
31,0.011014582771731693,0.00954427248868406,0.02294342831822688,0.01142473695696628,0.0022034280470185855,0.008999361865645551,0.021935102926754303,0.012026537592652778,0.0023584914265920684,0.008348006104665915,0.015517975094957063,0.018388260551394732,0.003364637229622675,0.00946196778585915,0.009881698684830043,0.010677067830761479,0.005614128203517169,0.005215899680605853,0.021848134673882046,0.002586493139676085,0.004626726442666918,0.0022624076295464585,0.023827826526127173,0.01167661441421633,0.27485729999999997,-0.25771976,-0.078666545,-0.036976047000000005,-0.13913205,0.1932584,0.3346321,-0.45500340000000006,-0.03919058,0.08105401,-0.042023692,0.10353872,-0.1113413,0.3344992,-0.39866218,-0.089090034,0.506205,0.013623109,0.16593523,0.75861216,0.43136746,0.18746968,0.028146277999999997,0.023947242999999997,-0.039555114,0.22506769,0.08177421,0.15067174,0.16435717,-0.038355852999999995,DSC06786.jpg
32,0.006104769752947529,0.02969512773554355,0.0036052401752571478,0.00046265392702046716,0.0003119596118799579,0.030422682978375,0.002951982410016085,0.0004792711525208091,0.0003447866391194122,0.030422704993004836,0.0022626922687477504,0.0006015377999558285,0.00047196663628047296,0.0019631197801092803,0.00189855207244332,0.0017157208479354257,0.004116964132398153,0.013152154576388088,0.0026471385287913213,0.0005284076210987879,0.0843115220875016,4.263364435109808e-07,0.0499380108734446,8.487426078150257e-05,0.036603107999999995,-0.19133204,0.1260519,0.05335322,-0.021151189,-0.13060354,0.10976811,-0.07261932,0.10384932,0.058848300000000006,0.15484107,-0.13587089,-0.045938313,-0.04346405,-0.07349173,0.0036611967,-0.010245242,0.15979970000000002,-0.1819708,0.02708911,-0.024379942999999998,0.16752978,0.1307873,-0.07194952,-0.15618554,-0.03160214,0.048077483,-0.118021175,-0.015578327,-0.11597076,20191229-DSC06399.jpg
33,0.013475452548581169,0.01540386179326459,0.01323541289922283,0.005875748614076859,0.012252151976579218,0.015550092750561413,0.012485951052028647,0.007149396858301465,0.01116434502761881,0.01925487584261173,0.01281038433860704,0.00684696345623572,0.004755596642246236,0.00980471059926858,0.009289050078567413,0.0068160471188517535,0.03365569965491541,0.018634883974349578,0.01458795290479343,0.005432201300302366,0.0043611120149258135,0.023360652439712963,0.006891131364305335,0.004924923045392307,-0.026695246,-0.042418513,0.029572806,0.0363633578,0.031363353999999996,-0.050953926499999996,-0.003596870999999998,0.019973323499999997,-0.0657695225,-0.0021452325,0.009677966,-0.014395792999999999,-0.053795785,-0.081343917,0.0137785085,-0.13678298249999998,0.06395691399999999,-0.15479017,0.067757627,-0.135872925,0.13892025,-0.0003658250000000002,0.0593880955,-0.13592074999999998,0.1235309,0.056894573999999996,0.0730479315,0.01856511,0.0106387703,-0.019252741499999997,"20180831-GOPR0687.jpg,DSC04824.jpg"
34,0.01061648976599302,0.010869404122713798,0.011750108310687091,0.010876447166934658,0.003357452411163644,0.011114713939944424,0.01168724174985372,0.010770881355124625,0.0028307174293250906,0.011195616495237024,0.012620021524107924,0.010021297619388409,0.0032776842826301583,0.009642839230622794,0.009468995419669904,0.00925031163234893,0.012728410172484031,0.010458414330652093,0.01302730194956733,0.0030022152453421194,0.01091437547692452,0.0024371878073674814,0.013473328879672293,0.009584719545845525,-0.12289334166666666,-0.07264338333333333,-0.04258200266666667,0.001325012249999998,-0.0325626506,0.032857855016666666,-0.07097977066666668,-0.044894718166666674,0.05374636900000001,0.012737829766666667,0.047831619666666665,-0.02324697343333333,0.11372742749999999,0.04563964533333333,-0.050751653333333334,-0.02054102536666667,-0.025921845083333336,-0.0011962809166666671,0.005612550550000001,-0.02439306231666667,-0.04739727833333334,0.06586042800000001,0.025693431666666666,0.04468200949999999,0.019887021,0.06185182516666666,0.026557029666666673,-0.010517981666666667,-0.030935739233333332,0.0069869369500000006,"20190713-DSC05728.jpg,20190804-DSC06099.jpg,DSC07876.jpg,DSC07890.jpg,IMG_1568.jpg,IMG_1682.jpg"
35,0.01199190089628326,0.004982316150773178,0.007713539551693438,0.017912936516776442,0.016624685844991473,0.0035321045656021227,0.012536237672949741,0.014727789164703612,0.01851035387648712,0.0048087556901326295,0.01798984114363709,0.008064313619127345,0.01833626767042743,0.014512805501887431,0.014486052778098519,0.013669943688206348,0.010257836997388331,0.003280301703122052,0.012499934110220226,0.025814577258750256,0.0007584644226502103,0.01864827579150294,0.013078831340738322,0.008721752841612229,0.04251574,0.48866042,0.32958007,0.056461476,-0.032323994,0.12260172,0.09207049,0.111250035,0.06390373,-0.19310261,0.04161336,0.11331701,0.05849581,-0.07368206,-0.24832436,0.19815515,0.010899147,0.0931573,0.26604873,0.12026225,-0.24756259,-0.025928305,-0.18020312,-0.04288547,0.21926543,-0.09035734,0.29316129999999996,-0.12294499,-0.27150002,0.08477433,Nights_Watch.jpg
36,0.011262860941654847,0.02053953456737146,0.010571889423374326,0.00671640998298947,0.002922096226203629,0.0207665741159516,0.009679523759274751,0.006618385055230495,0.003613033157937903,0.020829902510098704,0.007655686322391845,0.0063696100675500605,0.005747860828021319,0.006639310532967198,0.006737714509660674,0.006960875050263385,0.007399471792613679,0.00023410798053809787,0.017213996851379903,0.005534308302379396,0.06683728221822104,9.619216006716503e-06,0.05552928692887936,5.581405192696635e-05,-0.12440048000000001,-0.015468324999999998,0.0519165875,-0.1604095875,-0.007193309000000001,0.0384099085,0.066248849,0.0700346805,0.049328339,-0.079511745,-0.07199128299999999,-0.086293575,0.01373780985,-0.0594231935,-0.033341427,0.10811251,0.050493286,0.082064527,0.06317537200000001,0.042252791000000005,-0.12782048499999998,-0.050529290500000004,0.07958986,0.0309540945,-0.0376786255,-0.07686184600000001,-0.08547867449999999,0.039858968349999996,0.062354516500000005,-0.001469021499999999,"20200101-DSC06559.jpg,20200101-DSC06560.jpg"
37,0.014281285953095232,0.012756737773992555,0.005086144625786149,0.010738629431482119,0.01485938591125004,0.012938889501959181,0.00504635115052732,0.01053626659600847,0.015377121256772335,0.012516729329142865,0.0064020948857302995,0.01075088925169046,0.014153049383138548,0.010704111026897934,0.010785502021377649,0.010830861195830842,0.0035842072017684356,0.014650073117519207,0.006011473147192941,0.014425854425409942,0.0010890366783323992,0.00964071935108609,0.010655239066550581,0.012526795108930785,0.156262245,0.058063343625,-0.2389283,-0.24379485,-0.38363424999999995,0.018772571000000002,0.13594625,-0.209263135,0.019156606,-0.13388558750000001,-0.08018223,0.132242335,-0.022853998472499998,0.16944373000000001,-0.15951554499999998,0.06561971949999999,-0.13648288,-0.112198085,-0.0335792735,-0.09454757999999999,-0.0762632965,-0.19919743,0.06559034700000001,0.006463488,-0.048415360000000005,0.035631074,0.14572774700000002,0.006563151599999999,0.111193345,0.01621176445,"DSC06658.jpg,DSC06722.jpg"
38,0.013868550741089815,0.010997376031540591,0.005530607377408058,0.006292169954082973,0.02302035801238972,0.010932201925119824,0.01078950724495124,0.009224617727761954,0.014653472704245796,0.019337598954080625,0.00678572949384971,0.005692978635677394,0.008363540618187745,0.012928014105815858,0.011746589573503469,0.007148272097958913,0.018034108384818087,0.010961507674424557,0.0051139139460263435,0.0017519199263524108,0.016770218518250026,0.0632590820454109,0.018525588421012863,0.0010935068070124917,-0.149006525,0.035835393,0.0236058305,0.0043588445,0.10522153000000001,0.006445617799999999,-0.018797662,0.07132793899999999,-0.0507213235,0.062444167499999995,-0.067903658,0.054801055,-0.069287425,-0.006454156499999999,-0.018953040999999997,-0.013862324499999999,-0.053584451500000005,-0.06882585499999999,0.096154452,-0.048982602,0.12466793000000001,-0.053660497,0.033793210500000004,-0.03787383,0.07347159,0.0556916325,0.043955025,-0.004659277999999999,0.060650424999999994,0.051370414,"DSC04518.jpg,DSC04555.jpg"
39,0.011606717617649559,0.005129690921142169,0.015574250121821412,0.016220073206673177,0.01625084816348488,0.005214101359379806,0.014681188838034544,0.01618142481969708,0.016796170952711832,0.005172706596120887,0.01450216348179555,0.01780334211500447,0.01538176098262919,0.013822369948115108,0.013836268030721278,0.013700399550274673,0.015272248498167827,0.007181022211898775,0.01648403169192491,0.02050755416974613,0.0,0.0,0.0,0.02017055258398665,-0.11543855,0.002845318399999999,0.026234076895,-0.06790134449999999,0.06052621775,0.049059184,0.01837886075,0.0003481277000000003,-0.067567421,-0.06888968175,-0.024885811825,0.0267607475,-0.03352982125,-0.022142654999999997,0.086954954,-0.1348088,-0.012948595325,-0.0520309725,0.0023120874999999997,0.02732922375,0.015461853499999997,0.0302604255,0.058833310750000006,-0.089662735,-0.111469975,0.0112654395,-0.0032344705250000015,0.03233856345,-0.04377060875,0.042068393825,"20180831-GOPR0550.jpg,20180831-GOPR0593.jpg,20180831-GOPR0610.jpg,20180902-GOPR0969.jpg"
40,0.010383001177665671,0.0018369271079046153,0.005255898602912949,0.016309300771761615,0.03316552739595637,0.0016588378423039985,0.0047759274514328365,0.015640590864514893,0.03564188552986281,0.0016702959045542805,0.004482821238077358,0.015889157512635196,0.03425311228758102,0.01777486715663535,0.01817171812948001,0.01837529194056983,0.029418357712936882,0.0013059988619802466,0.02441465859660139,0.054587397960020205,0.007693179877864095,0.00010184111794368553,2.80883274606077e-05,2.1471813202822573e-05,0.106231436,0.19424254,0.07458146,0.10664831,-0.059388175999999994,-0.14069939,-0.1733416,-0.15010044,-0.10622019,-0.088362455,-0.013291846999999999,-0.007607005500000001,-0.06656974,-0.06848009,0.2450313,-0.057415775999999995,0.03394142,-0.15415695,0.13684544,0.17327089999999998,-0.08371732400000001,-0.07475542,0.05432272,-0.15271619,-0.017668217,-0.11397314,-0.046016373,-0.09638137,-0.01638072,-0.1503033,IMG_1864.jpg
41,0.011441249417519148,0.01455427162968191,0.01667185094971121,0.0059975358242015065,0.006889667057642579,0.0110122673179659,0.019607069021029728,0.007516638593207867,0.007672693631985985,0.005994585278060246,0.026777457993529832,0.008855595940328006,0.00721018885821805,0.009204814627931587,0.009968129758498413,0.01067384493562081,0.009537153768750929,0.014539901335819347,0.023395221776623943,0.008221773921887209,0.013761245750943158,0.006693482163122399,0.0004860639763304194,0.003401717681744224,0.60725963,-0.18813068,-0.016772302,-0.27232209999999996,0.4987991,0.07249743,-0.3041051,-0.14726232,-0.09783249,0.03516674,-0.14016306,0.29187432,0.10754422,0.031010106000000003,-0.12877461,0.030314919,-0.15332572,0.25804886,-0.07620265,-0.32625335,0.28490776,0.30490476,0.05717602,-0.12584676,-0.030013155,-0.31970826,-0.17457907,0.28871840000000004,-0.25772017,-0.07617273,DSC06739.jpg
42,0.013938028372621819,0.018540795024720374,0.00689172486964905,0.0035484818855584526,0.0037909780774236647,0.018779646736615384,0.0062632873768177465,0.0038243977177884756,0.0039027439373073335,0.017726269839838948,0.006814043340853954,0.005005579125064282,0.003557719552780053,0.005141441772058255,0.0051958212912617775,0.005716545400771149,0.0052129916739606106,0.02445218466458147,0.0068746070937010795,0.003135166747184073,0.000361824448081901,0.00391909775697469,0.0042974234939650415,0.0040129317477174105,0.359421,0.013630583,-0.07963578,0.13276677,-0.23590225,-0.117981516,-0.027334616000000003,0.20179879999999997,0.0036336167,-0.009763686,0.13694879999999998,-0.04987004,-0.08441912,-0.1702106,-0.20650729999999998,0.034443635,-0.03685185,0.06624334,0.03858103,-0.10530278,0.055665936,0.3117293,0.15120563,0.04870942599999999,0.076768436,0.14984377,-0.09541307,0.08391453,-0.3212158,-0.007915446,20180628-DSC03317.jpg
43,0.012942543879040095,0.016639447075643736,0.006195261821216563,0.029995177563908994,0.004884052706425657,0.013181310532364428,0.011889078442060535,0.029952039222155995,0.005253531595076764,0.009338383319266185,0.016851229054717237,0.03379835858643555,0.005004082695185675,0.011092741166052442,0.011681334512971528,0.01221406508662835,0.018034193198719742,0.017068215919145927,0.0129455312960197,0.007682425154751555,0.004884104311289594,0.0004669982818108406,0.0012501570907668864,0.033808482370162575,0.19627255,-0.15705842,0.014238519,-0.38157898,0.04080426,0.0923413,-0.34504926,0.65385354,0.3710263,0.055858985,1.1009171,0.47484776,-0.42230280000000003,0.25099525,-0.095898464,0.032119878,0.09496925,-0.10134631,0.03964741,0.08158402,0.107058845,-0.20648918,0.14585021,0.14050025,-0.0061940667000000005,-0.09617665,-0.14411773,0.05063479,0.038327966,0.049559782999999996,IMG_2282.jpg
44,0.01516606665587513,0.009582692285770735,0.008042273792444012,0.009659634741473216,0.01884631447794144,0.010111565313969222,0.007136716681608367,0.010987438834992551,0.017535955090207448,0.011820947922054919,0.010797013657618015,0.01209869091626568,0.009617452607418427,0.01332848859614013,0.013058039975253776,0.011045932437170641,0.012170918348680634,0.0018555111637647774,0.00293444260029693,0.00808560016964993,0.029368181728169133,0.060283120439565664,0.03147849797759512,0.0035097822243505107,0.15195316,0.1171136,0.04384878,0.16668388,-0.11026775,-0.14050247,-0.047968745,0.18089916,0.12299121,0.026886875,-0.045881197,0.09245481,0.16632727,-0.15324491,-0.11274383,0.015490351000000001,0.09439113,-0.010161788,-0.04474973,0.03897324,-0.19850253,-0.12556642,-0.07101379,0.11050357,0.28276765,0.026718974,0.1141491,0.44961932,0.006769977,-0.15985422,20190423-DSC05185.jpg
45,0.012206972030630496,0.009678851220188276,0.016697143026653267,0.011311822904275036,0.008052405998312973,0.009480328000308763,0.01658254569530453,0.010553316075436747,0.009027140175543003,0.009147310473115327,0.016522741678017854,0.011830980703885816,0.008305101703343074,0.010434798662500383,0.010439445023876934,0.010439706234351314,0.006181866352116441,0.006995146135937836,0.012890228218058075,0.007977136734719094,0.002126258974125463,0.008555559872212046,0.020825999788159646,0.014290631302511935,0.17084451,0.01158342335,-0.21289234499999998,-0.14407493999999998,-0.3827283,-0.038677016999999994,0.08593796249999999,-0.21775273,0.06481203299999999,-0.13430027,0.018265262499999997,0.11222125999999999,-0.06202318,-0.17254234000000002,-0.0546259895,-0.117907487,-0.240238695,0.139102205,0.15375064500000002,-0.19932125,-0.03859494065,-0.0358421935,0.152950645,0.12275693999999998,0.12010136499999999,0.041251382,0.048182655000000005,-0.078012269,0.0251239575,-0.074081257,"DSC06675.jpg,DSC06743.jpg"
46,0.013972998389612116,0.01605237875194447,0.0179035897406717,0.006253607649286578,0.009731449275883902,0.01654579007440654,0.017815544059924457,0.005695835229841165,0.009402444557339485,0.01621292828987758,0.017643880412439736,0.006512184231127757,0.008623508395660671,0.008961845331058631,0.008705228345764501,0.008708228334273194,0.05291289515520017,0.020928461623103616,0.017904403511277447,0.009698082649634742,0.0012065098725675789,0.006223126481818909,0.00419857070280529,0.007373333825961005,0.051752694,0.07350480599999999,0.10332242,-0.09160517,0.30747932,0.033999465,-0.21427807,0.09126946,-0.04870016,-0.10377197,-0.20508520000000002,0.068966076,-0.027172288,0.12720421,0.086532384,0.08613063,-0.35855526,-0.13562578,0.013632088999999998,0.09303001,0.27314353,0.10154581,0.29483584,0.031476803,0.006533171999999999,-0.05194292599999999,-0.107936196,-0.13268748,0.012540288,-0.07004818,IMG_2349.jpg
47,0.013634057297323886,0.00583721711689168,0.018056555552582617,0.010737395312754586,0.0213497187769218,0.005933270088210926,0.01702115349107569,0.010711810779079858,0.022066142195288498,0.005886165842680507,0.016813594137336983,0.0117854907151941,0.020207946561882052,0.014016071857597337,0.01403016470312398,0.013892392208807124,0.0310029943908678,0.008171483704663763,0.019167063524299737,0.031430275876179484,0.0,0.0,0.0,0.011851482163358441,0.38473356,-0.2711373,0.078388035,-0.07526382,0.42400414,-0.18798694,0.2661192,0.043395024000000004,-0.21367669,-0.02501489,0.17024559,-0.10049695,-0.079606734,-0.19842884,0.038567875,-0.33536744,0.13174084,-0.44406409999999996,-0.11308093,0.15677832,-0.255025,-0.08746658,0.10780148,0.018204303,0.38005295,0.1143813,0.12700632,-0.18975534,-0.1619908,-0.24320528,20180901-GOPR0795.jpg
48,0.009916381393036343,0.01285906576428413,0.026009710860516164,0.008358842359141359,0.0033587533869539983,0.011055265507732743,0.026296372818144863,0.009540103227584898,0.0035702008827624477,0.007489258657802472,0.030626680203289326,0.01136644441529328,0.003453539378031548,0.009103375710828912,0.009658720132997829,0.010081649511975623,0.006499145888758036,0.012953001925841126,0.020298840571413904,0.0045664054131320025,0.00469051596435007,0.0016650569801321357,0.005501914400731456,0.01615005957433261,0.9703813,-0.41954777,0.0074359914000000004,-0.7377964,0.8863300999999999,-0.007225176,-0.07158623,-0.45654269999999997,-0.16878735,0.20040750000000002,0.089081116,-0.12649217,0.30818352,-0.02152323,-0.21295922,-0.11038298,0.05522882,-0.018423995,0.17085192,-0.14027166,-0.24980442,-0.13348612,-0.2734717,0.15857992,-0.16516156,-0.044727996,0.05270116,-0.08363298,0.07471581,0.17564707,DSC06734.jpg
49,0.011381003351912495,0.022168845008680545,0.012612420300931366,0.0017333588072101903,0.0030854700201782327,0.018698943162575875,0.01611867626761183,0.0033853658302437253,0.0033255724412965732,0.022527439770697714,0.011277501686655964,0.0021821477274265593,0.002786559781000352,0.005366299893859642,0.006486139358104781,0.005120278182639172,0.03306739902354988,0.0027248224015235787,0.0072118445340129435,0.003893058689845941,0.2230804859616612,0.0028915203440023495,0.0055722258268909135,0.0008798197561574425,-0.09061674,0.058819037000000005,0.047118876,0.1454363,0.0864676,0.004879646,-0.18657245,0.042212005999999996,0.05066854,0.04706528,-0.19196796,0.1259375,0.057937406,0.056810572999999996,-0.042831472999999995,0.060148887000000005,0.021489516,-0.11489092599999999,0.20452566,-0.012145393999999999,0.098549575,-0.06281422,-0.15598497,0.21603724,0.032021306,-0.0054567214000000005,-0.021607026,0.2755047,0.04574563,-0.22251904,20180617-DSC02493.jpg
50,0.015381385232089097,0.004800078438595024,0.008738151085579245,0.007194662233420592,0.02943085738125792,0.005092849860063842,0.008084156060248735,0.006463326741179646,0.031134523385428974,0.005048839743598083,0.007914358200182929,0.007231176393140978,0.028456335785920658,0.016520385615843104,0.01674516949244279,0.01665573640191712,0.025860592745603497,0.002835856979142481,0.004795889226545615,0.04385752172318698,0.003235390520094313,0.005498940740460069,0.012764513895703329,0.009997381144265849,0.2140949,0.7244432,0.39622128,-0.18915974,0.11138703,0.018845053,0.054713335,-0.10255170599999999,0.11218765,-0.82752544,0.17126262,-0.37906232,0.0028893240000000004,0.14113426,-0.15245765,-0.0696334,0.14482124,0.15870467,-0.2517743,-0.04920896,0.37325108,0.082188785,-0.20994963,0.12673867,0.041537977999999996,-0.04758303,0.011961687,-0.14382829,0.05627965,-0.14947487,20180407-DSC01689.jpg
51,0.010521736292133956,0.0013817187534569536,0.014999456816560956,0.011366139750042529,0.024143234139584312,0.002253154324718582,0.019857476672973263,0.014174055112083809,0.01391894884853344,0.005787736840647663,0.034909775350321276,0.004583103500723832,0.004416426313888684,0.016802461689160584,0.014010565835793182,0.01010831454737618,0.01805517990039299,0.00018773471576785024,0.0007572767810672527,0.007237319440978928,0.0024701499211480893,0.054477697088276635,0.02537472320538919,0.016445129681295072,0.102817215,0.61827755,0.30373713,-0.084514745,0.12273133,0.0012638271000000002,-0.021405322,-0.10770856,-0.03635179,-0.46210447,0.0049940245,-0.14050423,-0.057527207000000004,-0.024950556000000002,-0.029381227000000003,0.06196317,0.05817168,-0.021405656000000002,-0.14360039,0.03913434,0.1012443,-0.0057769455,-0.023299512,0.045431442999999995,0.15025695,-0.09214112,-0.08514349,-0.13780503,0.09488395599999999,0.19549133,20180407-20180407-DSC01662.jpg
52,0.013660614811024622,0.009147978329828981,0.012116515682311514,0.014134627356288046,0.010148493736277178,0.009785308352290632,0.011244522283313126,0.013787683362553814,0.01023596103767055,0.0102705023673145,0.010776423539775919,0.015205624565327768,0.008750986168290393,0.011975476332814657,0.011760449386216452,0.011276246317680785,0.013027629521614842,0.004038707379474143,0.009267467725461649,0.008501612381460879,0.00787017827594097,0.009975579981436243,0.02787014458149434,0.01685070636522134,0.31059048,0.74161685,0.29580474,0.22922670000000003,0.0451975,0.3177359,0.5836864,-0.15185857,-0.18197735,0.23479797,0.45139018,0.48667297,0.560187,-0.50876915,-0.06862412400000001,0.25285545,-0.10717061,-0.15289176,-0.26702940000000003,0.013472086000000001,0.007548406,0.05760446599999999,0.16306227,-0.075772315,-0.06667472,0.15112492,-0.16281837,0.09196433,0.22945541,0.05614902,20190422-DSC04751.jpg
53,0.015759592092201038,0.01372536018746972,0.0107868302377177,0.007889330481217259,0.011443069248747965,0.01376576740808411,0.009452839560259869,0.008263371506193093,0.012372547629267016,0.013123200908822751,0.0076142723294568455,0.009956923484115785,0.012888305403179827,0.009276016417583615,0.009432928567306171,0.009916724154847843,0.0032875836056347695,0.015916230160471494,0.015701660141648987,0.018050777330349488,0.0008958572385831505,0.00017879484599741754,0.008280937276680807,0.004291233218758206,0.34069273,0.035998422999999995,-0.21390423,-0.23497045,-0.23553227,-0.051865634,0.14835435,-0.05475300599999999,-0.015894013000000002,-0.19874547,0.032223022999999996,0.17076318,-0.21875754,0.028412666,0.1042962,-0.074497774,-0.09112572,-0.0117015885,0.026093202000000003,-0.20759286,-0.17235963,-0.06771741,0.054459207,0.124197185,0.028142916,-0.14667419,-0.019633668,-0.07666539,0.33015466,0.09822528,DSC06700.jpg
54,0.015367950464135709,0.01067401036607598,0.009241628683399285,0.009440961400359207,0.007582976015265899,0.011273066795767407,0.009947088023061957,0.007850474880989491,0.00787406411073325,0.01113618503360596,0.009102059311772681,0.00792173945554965,0.008751171806520523,0.010275079408941007,0.00966651730142639,0.009878803825867071,0.01126240352526917,0.0032190512563832585,0.004412836836559502,0.010521559302915342,0.0009473795445580031,0.0005373437949901523,0.0380351290744724,0.013376885357928298,0.18312828,-0.13521749,0.046717815,0.2588611,-0.06695387,-0.10784264,-0.1125993,-0.12089809,0.16607772,0.024069246000000002,0.12123083,-0.3007979,0.19394416,0.023687202,-0.094192855,-0.04559779,0.07038008,-0.080872,0.10943230000000001,-0.09140693400000001,-0.08060562,0.18050639999999998,0.19825892,-0.054457553,0.033224218,0.034262635,-0.09909934,-0.07740408,0.12582414,0.2219106,DSC07899.jpg
55,0.01120348942422478,0.015515884014215369,0.013132361806570587,0.012517994310244014,0.000384624666702996,0.015233373377544341,0.01812363342410101,0.006935616022782842,0.002646094039081117,0.01660326381416716,0.006626258349370704,0.0021889377898170314,0.01667868534978081,0.007472388101862479,0.008333004893846892,0.010237738149948213,0.009510341501199284,0.0054107786691239106,0.01717426100363017,0.0002266557866501389,0.16332687824654055,0.005656205596060182,0.00011013342589796345,0.0013497757014054046,0.5027504,0.46846822,0.13442616,0.14620343,0.043031894,-0.25598264,-0.40358436,-0.42043915,-0.12938617,0.16923681,-0.13212770000000001,0.28774527,-0.25585595,0.094996065,0.6303941999999999,0.47248942,0.67226744,0.115621656,-0.08966282,-0.18167892,-0.10356939,-0.032024764,0.19210058,0.19570592,0.049613312,0.17584541,-0.01179491,0.00736953,-0.08290523,0.09688674,20180407-DSC01687.jpg
56,0.010496194482396044,0.0046446366628557344,0.013778763696920084,0.02030967319442572,0.010151121838125029,0.00472106540333801,0.01298865949929158,0.020261280311177,0.010491758709435372,0.004683584853722399,0.012830273184696707,0.022292134906982876,0.009608244951204015,0.013497677434090843,0.013511249045665023,0.013378572165404093,0.013230411962101628,0.006501997791855274,0.014739684135972663,0.011443102194111628,0.0,0.0,0.0,0.024604147361216817,0.10171139,0.15644953,0.02041989,-0.16819575,0.061630162999999995,0.055950742000000005,0.013156316000000001,0.25885749999999996,-0.14966683,-0.29934955,-0.118580945,-0.073115535,-0.05311091,0.09481306,0.19257385,-0.17826676,-0.0070484345999999995,-0.09231472,-0.124719396,0.084374435,-0.10489872,-0.008102229,0.18494111,0.10844819,-0.16562304,0.040790644,0.1304575,0.35980615,-0.11587447,0.1753367,20180831-GOPR0522.jpg
57,0.0091258011877164,0.010642721559812888,0.017643890945668664,0.008955937118682698,0.00036791464599875075,0.009735951770082778,0.018201232582267482,0.009403052841760165,3.0933294802529424e-05,0.007236489077343054,0.02027785711455582,0.011891388253889931,3.489998726428922e-05,0.008142376393800662,0.008428549035851931,0.00923786222080114,0.005740248835897706,0.011364280161865673,0.01764427312390121,7.086878682971979e-06,0.008705166758485802,0.0007124081971068491,0.0042055927846704425,0.010460589839029687,0.7087756,-0.07251835599999999,-0.105348065,-0.21246707,-0.23554736,0.05357253,-0.42895997,0.75878316,-0.07657776,0.13767365,-0.5670771,0.25659484,0.1331269,-0.45117548,-0.25832910000000003,-0.09276886,0.1810182,0.3586086,-0.36262468,0.16354041,0.15688379,-0.03175394,0.022387896,-0.18681903,0.02357335,0.012553254,0.16711897,-0.24745178,0.08106099,-0.0012827546,20180628-DSC03353.jpg
58,0.00793088374388298,0.0007852269233058424,0.004937519679024506,0.02124840013690907,0.022185062910531204,0.0008220593453708281,0.004619979765846956,0.021193687353877468,0.022928808136907924,0.0007677648027089222,0.004631510329362798,0.023327465101929942,0.02099937802839186,0.01719530048069776,0.01720759071806521,0.01704851685662135,0.0043840240903312774,0.0011321656430762297,0.005320031956173714,0.028193312954930792,0.0,1.065841108777452e-06,0.0,0.028007040837281328,0.037613202000000005,-0.07636762,-0.038674057000000005,0.034782297999999996,0.058512285,-0.08734949,0.23714659,0.0030162525,-0.12901275,-0.008732013,0.09257183,0.015693365,-0.30757629999999997,0.08501926,0.10367063,0.023940068,-0.041988637,0.20783426,-0.28475195,-0.01981536,-0.2368246,0.2609425,-0.14413323,-0.05377414,-0.031131875,0.102597065,-0.031790726,-0.029300276,0.013217466,-0.18072389,Shirley.jpg
59,0.010623819127498343,0.005761656262591376,0.008896828011638372,0.02024934197258101,0.011255238417428065,0.0043021140870313345,0.019827679385047082,0.015333653481206034,0.008894315526661237,0.008646057905109285,0.01922774162483808,0.007038739852211034,0.012134836954731441,0.013583875781931076,0.01237305974312055,0.011352322644815392,0.016207247989915644,0.0053671389353495075,0.016023941217744614,0.012993512320017955,0.001151132155941547,0.024097548336293975,0.02610429485930149,0.0034961249210917647,-0.006051785,0.13964126,0.04726628,0.13176496,0.17453615,0.0700424,-0.18408884,0.2180828,-0.03348567,-0.17229857,-0.28555949999999997,0.42370534,-0.082878865,0.12631927,-0.018920971,0.029146482999999997,0.037797403,-0.09708589,0.43657959999999996,0.08553342,-0.26923406,0.3762413,-0.09372553,-0.007395566,-0.13873933,-0.046402245999999994,0.01853871,-0.20774817,0.3569982,-0.1510552,20180408-DSC01768.jpg
60,0.011449303948123574,0.004499056160371674,0.01137875688542277,0.019941030995282383,0.01833352081440483,0.004573089334687792,0.010726274284173401,0.01989351649440511,0.01894873096259427,0.004536783567437842,0.010595475947878834,0.021887508916350714,0.017353053348371145,0.014749563326620375,0.014764393681348818,0.014619411253302015,0.0175402883097696,0.006298200557669352,0.012075283716465365,0.022301288234468142,0.0,0.0,0.0,0.025775564108806017,-0.01632679,-0.01922601,0.013414033,-0.13822326,0.18505998,0.076826915,0.019358076000000002,0.14813983,-0.10394024,-0.090550475,-0.13837822,0.07771983,0.06700158,-0.13689296,0.100360714,-0.022991544,-0.12487158,-0.12973134,-0.042914997999999996,0.32372132,-0.05622245,0.11978052,0.35885105,0.13348258,-0.12357409,-0.098792866,-0.012443602,-0.0693709,0.09379022599999999,0.011027675,20180831-GOPR0528.jpg
61,0.014892225682899085,0.009269262774725093,0.01856553506623041,0.005804794598121735,0.014353829334145194,0.006922322130821664,0.008333262176121379,0.007334548906151219,0.02657824771520319,0.005972536623999306,0.006757454606387269,0.008262305665649491,0.026966403350903712,0.0115213460180455,0.01473967726618722,0.015696454813204978,0.020399161182709145,0.006226773957193807,0.011009933420040178,0.03172963433493257,0.02436526067044774,0.016676203279987454,0.008916594248615949,0.0020184408867822677,0.06722734,0.105690345,0.02978352,0.32458994,-0.0006887642699999999,-0.02981074,-0.29958427,0.01356598,0.0029037404,-0.20308472,0.03366716,0.026043032999999997,0.06687376,0.11299805,-0.10194057,-0.10605112,0.07030161,-0.22731236,0.26700085,-0.13187720000000003,-0.07737157,0.13389535,-0.13287870000000002,-0.041390862,-0.27864444,0.22437464,-0.00923991,-0.088081054,0.020968232,-0.07331902,20180407-DSC01675.jpg
62,0.01536771132354791,0.007507067068230155,0.01890148664903641,0.007312856439654952,0.013659441678002236,0.014891167740903212,0.010340467440369386,0.005241701929530418,0.011906196790324031,0.018481709235825712,0.00662849852302429,0.006057387223943778,0.00807988540255033,0.012338465218273474,0.009907357263329478,0.00788936886614487,0.015710473329912947,0.0005591885176990326,0.00014895277616672819,0.00023038572279907154,0.000789307707859646,0.03664644179870706,0.0729045677328724,0.006628784684067007,0.30794466,-0.47037444,0.46759802,0.4090944,0.19211847,-0.8135968000000001,0.5050632,-0.10326342,1.0715754,-0.15694252,-0.27266163,0.32988277,-0.044227533,-0.10224419,0.019988619,-0.06074645,-0.05473586,-0.069649756,-0.10819992,0.041051902,0.099760994,-0.075167224,-0.01006836,-0.06907296,-0.20257197,-0.1304174,0.040525876,0.040953382999999996,-0.040867906,0.20461929,20180618-DSC02682.jpg
63,0.012397393908720158,0.009160938531245028,0.01685148954747914,0.014508440356682181,0.005217998155405919,0.0091603123336045,0.015567534902316663,0.014524130483562197,0.0059162865580968844,0.008822598155775298,0.01491425803520096,0.01631418798368317,0.005921302626431028,0.01037313834654974,0.010583991712294842,0.010724460205468071,0.005933242014723015,0.011255261462562291,0.02513455431980539,0.00867542740600114,0.000311236787113395,0.0001297128629382159,0.003859381496841467,0.008188846677370314,0.15750188,0.17460927,-0.11683274,-0.013281533500000001,-0.25047624,-0.03597744,0.017339616999999998,-0.09843272,-0.10563854,-0.13414396,-0.05849268,0.11603792,-0.04937169,-0.06030678,0.1709514,-0.15227948,-0.077399,-0.024490322999999998,0.20803161,0.015400223000000001,0.15670952,-0.22108154,-0.072472885,-0.038228072,-0.1963975,-0.06405793,-0.025002297000000003,-0.005328451999999999,-0.17168150000000001,-0.1580818,DSC06749.jpg
64,0.012194080409733745,0.015152779491164406,0.010855551885984572,0.006472577803765436,0.002171675085140448,0.015223221027182725,0.009412058096705037,0.007329982637894835,0.002262894166900896,0.013465477802000579,0.01054358183819923,0.009486728810197858,0.0019608409333856797,0.006696966721549871,0.0069363168175849135,0.007625836520437502,0.006739383741117936,0.01728330207189877,0.012720318797169386,0.0005477100406695142,0.0072008556207710595,0.005131545310264482,0.008867167853036071,0.004898503851472576,0.29082012,0.10941619,-0.13908571,0.12996653,-0.26810673,-0.11992654,-0.19101192,0.26138645,-0.09349836,-0.003847408,-0.08359388,-0.20877057,0.09149488,-0.0467754,-0.25934684,-0.039034933,0.047670487000000004,-0.059477866,-0.028718982,-0.03570303,-0.010604899,-0.04110445,-0.065804906,0.0837202,-0.16117786,0.09978838,0.0160455,0.14417538,0.018589803999999998,0.13490488,20180628-DSC03339.jpg
65,0.016854256982199747,0.013988953404003527,0.00837094527369845,0.006371380068107732,0.006609460407640759,0.013856599912991898,0.006170878315783927,0.006276904553866085,0.00933007767500329,0.013150767534790407,0.0044574585763645785,0.0053357887753564355,0.01275772747210695,0.007815124305887445,0.008629732643800792,0.009829651862663652,0.0020138245515596864,0.016985919702793093,0.01153433231927936,0.01426327583351834,0.00019312102443635207,5.958051798065957e-05,0.006565555936409114,0.002064405400133886,0.43935302,-0.08252176,-0.28581658,-0.32198972,-0.15320586,0.06363048,0.059431482,0.4497897,0.22382031,-0.03661278,0.12710871,-0.22810993,0.28982174,-0.1268999,0.49241608,0.040080927,0.011589505,-0.035741914,0.0974738,0.12437609,0.031027822000000004,-0.01870887,-0.28159624,-0.06296797,-0.043146227,0.38345405,-0.051789995,-0.06255934,0.002906991,0.20179006,20181015-DSC04040.jpg
66,0.007961874063497302,0.0013934578158951315,0.014982239794788162,0.0233702095299273,0.009068598841915151,0.001619317447297709,0.017608856187817018,0.0235113100542588,0.00518260394205314,0.0062392231104466105,0.025255971007555698,0.01644947483282665,4.767189749717804e-05,0.01427250791214541,0.013322031417861315,0.010002473386890155,0.003720717005482573,0.0010298880408599505,0.0034803006308028878,3.6024966638440894e-05,0.002332873935840943,0.06714926886231003,0.028363004120920077,0.011718653583452521,0.02774444,0.048642907,0.03975267,-0.11183174,-0.06761163,0.0057824930000000005,0.039976165,-0.0381751,0.043940585,-0.087665446,0.013224205,0.12853941,0.116988964,-0.016247641,-0.0063498244,-0.00056317355,0.12494531,0.08491517,0.052436255,0.05966038,-0.27264076,0.15900418,-0.03880378,-0.043251988,0.1483265,-0.018187381000000002,0.0840278,0.3558998,-0.07821194,-0.13028151,20190423-DSC05160.jpg
67,0.006891827506694005,0.02638404395759323,0.007764500262554351,0.0012538802489295581,0.0010562223650310103,0.02779786129439727,0.0057944583078851815,0.0011964869594391636,0.0010339139589796943,0.02855341359631995,0.004300821738551632,0.0011972114551198865,0.00087192420309383,0.004410800415680296,0.004241767892228639,0.004053989038028024,0.0032035417965784684,0.026965710764585392,0.0016387958235091875,0.0006614730932119593,0.0016049023065227883,0.0016793392509897535,0.0374262013173788,0.002670427881954411,0.11231116,-0.08211264,0.0005384629000000001,0.08182085,-0.036246162,-0.20160829,-0.06218844,-0.10656572,0.04984443,0.07440767400000001,0.04733891,-0.15126434,-0.073181145,-0.093049005,0.008065042,-0.07282192,0.13585539,-0.14832275,-0.05979272,-0.13749474,0.005882133,0.061586898,0.19022733,-0.11068383,0.17896064,0.035087213,0.02124625,-0.09904681,-0.100813754,-0.11031817,20190804-DSC06087.jpg
68,0.010961331240667395,0.002849643006643923,0.002320888006704221,0.01793924355395575,0.025278162271148343,0.0029044270149288965,0.001991665712371217,0.01407657385630331,0.03128294644214203,0.0031050847681299413,0.0013473183543505126,0.004129060944916571,0.04117925608987838,0.01658144506088643,0.016992709149102087,0.018392512421575316,0.009006586623253555,0.00017007562172388527,0.018949437587008382,0.047968253270124384,0.015908943144901697,3.197523326332356e-07,0.0061676530653018286,0.00014067926813677437,0.0023698008,-0.18973120000000002,0.22921516,-0.056274816,0.006789732,-0.03134174,0.026829642999999997,0.02847986,0.08209732,0.03351984,0.07205024,-0.03309222,0.081047304,0.05435248,0.07540875,-0.13457666,0.0036210929999999997,0.03456947,-0.0919318,-0.040877547,0.02290876,-0.123918444,-0.124984905,0.022714752999999997,0.0507343,0.103296615,0.047878344,-0.013415553,-0.04394842,-0.1527454,20191229-DSC06369.jpg
69,0.014951530418153752,0.009854994757656128,0.0018330584432536274,0.011408349734875369,0.022008509381916633,0.01017238573816557,0.0022946278132381717,0.01624561361621921,0.015568629974103196,0.019091032735722647,0.002614594330069835,0.00851460106467321,0.009677729340741377,0.013861877049745699,0.0125611170453547,0.007746719206156371,0.01352504530562879,0.006022589674371306,0.00023360697995191993,0.0001201971923993537,0.008950160580774387,0.0940986882533598,0.02234254295226262,0.001281688165688956,-0.17430066,0.037305836,0.04012184,0.042454532999999996,0.16734645,0.052742064000000005,0.042547222,-0.009254496999999999,-0.10986772,0.098500475,-0.08848500000000001,0.14772525,-0.21160136,0.03989725,0.015792556,-0.11033218,-0.14307217,-0.036276083,0.14573064,-0.1866719,0.29404959999999997,0.18206114,-0.065659046,-0.13531193,0.32036445,0.32884854,0.22863346,0.086066864,0.13464071,0.5351477,DSC04508.jpg
70,0.011293236499523228,0.019148714872475683,0.013821440154291292,0.0036565063286077,0.002711024344960569,0.018888278056459342,0.014231902530408963,0.003460187174608581,0.0028057268677638947,0.017867541537433827,0.015252037262619996,0.003973163855890905,0.002643544088508818,0.006074298121250639,0.006256950860577001,0.006464799709017782,0.013263680011733786,0.020985486788893074,0.011824513372570964,0.00220921009821155,0.015301774382653831,0.0031703976701139697,0.01018985625390688,0.005560186627501259,0.22509189999999998,0.0032252374,-0.02147045,0.19485816,-0.07950478,-0.05112188,-0.13359019,-0.05875495,-0.1443607,-0.06633438,0.01081007,-0.11826913,-0.01716827,-0.20419064,-0.10196482400000001,-0.25293654,0.18381481,-0.31465304,0.010884758999999999,-0.017132869,0.09120068,-0.1589801,0.13075775,-0.08972021,0.028765142,-0.046017542,-0.051892836,0.009128164499999999,-0.035225905,-0.12190103,20180618-DSC02700.jpg
71,0.00953212558333373,0.0033022938813454853,0.01702675590034972,0.011361218896888443,0.018979072846658618,0.0035407931976301718,0.019145812525600575,0.014776412908594124,0.011637952825630802,0.0009629499900281535,0.0029056026275561695,0.022069280258273396,0.023694399598115513,0.014644857956488871,0.013061876904074848,0.017280016232905974,0.014179330868953687,0.004495182865240744,0.020423772520203037,0.0004408473700025946,0.0001286305189984414,0.018262388018070057,0.0010255410785899623,0.01989299276782481,0.6121800999999999,1.0996304,0.36441317,-0.19938545,-0.108237684,0.10954275,0.20091335,0.17452353,0.41394818,0.91176,-0.21065684,-0.34699595,-0.16971594,0.49111497,0.03460147,-0.33787477,-0.23742548,-0.050596595,0.13213813,-0.008044991,-0.058748454000000006,0.05729096400000001,0.07530121,-0.050671954000000005,-0.032249667,-0.04970999,0.01689338,-0.024567615,-0.08625756,-0.11425945,20180407-DSC01647.jpg
72,0.011286952662972019,0.006650645438478837,0.019207460112522338,0.009469455483384778,0.004531534030207226,0.0095752354970572,0.0192767352221869,0.00571280678660295,0.0034638398094800943,0.00785252707779174,0.02112285061668864,0.006862969828057702,0.0031949824511076012,0.010335248478330915,0.008664973136575866,0.009165687041327608,0.03477130670431109,0.008350396936922893,0.016219497157773533,0.003509092846114568,0.0008776316609593933,0.0017978607822858059,0.007876555968755994,0.01200717542050814,0.009615504,0.019971685,0.06443798,0.041221127,0.21444066,-0.08395147,-0.058648385,0.10389619,0.10915410000000002,-0.13394862,-0.14671089,0.17775768,-0.12470168599999999,0.03709926,0.015417624,0.01063487,-0.06171188,-0.12708862,0.031362400000000006,-0.14831585,0.053352545999999994,-0.05729289,-0.04625497,-0.11253368,0.0057870434,0.16172813,0.14010675,0.017274503,0.054072015,0.0035807719,IMG_2341.jpg
73,0.017159475047178147,0.02174732165773556,0.007220103473254863,0.0019695753803624216,0.008561924340889955,0.020468836242284214,0.007581151809333328,0.003021155287063831,0.009511319214209986,0.01753607986919316,0.008288194483539265,0.004936632557205482,0.010629440855144737,0.006458823140047296,0.007241676712538155,0.008572797282365336,0.0028182978348130928,0.02770902154411086,0.010676676461377429,0.012766452456951679,5.60787003807919e-05,0.0031371967195755524,0.0013963976085779215,0.0006265355704237258,0.27612647,-0.13151637,-0.27384162,-0.1609787,-0.15510853,0.04201366,0.24853145,0.041550852,0.010262558,-0.017949482,-0.03203092,-0.03951159,0.056741428,-0.033052787,0.15059602,0.2262449,0.06602876,-0.12750818,0.22574967,0.07004832,0.20220357,0.10260941,-0.20447382,-0.16372532,0.1648348,-0.33374309999999996,-0.0953199,0.17491959,-0.07439842,-0.15741032,DSC06754.jpg
74,0.01743288517837081,0.023397817708292745,0.004476195542774561,0.0012091395396174763,0.009279180405649285,0.022717072473402017,0.005147358237726471,0.0016223499163469006,0.00994055415355701,0.019992448626403703,0.006457855729933703,0.003386543617247475,0.010126602581193777,0.006030701137613928,0.006573051608904376,0.007819767558134268,0.004436658416207183,0.031097890389793617,0.00672892540641432,0.011082666030919772,0.000767109888958916,0.007153445893615308,0.00023856956839929058,0.00041818481686845183,0.087435275,-0.10262561,-0.134246,-0.016154207,-0.08649356,0.025301715,0.11122149999999999,-0.07529303400000001,-0.01055429,0.026519924,-0.03265117,-0.023997394,-0.0090719145,-0.02564685,-0.0050368240000000005,0.076396935,0.19628868,-0.08404447,0.042970665,0.041214388,0.08775658,0.0037344465999999995,-0.0066133766,-0.04342113400000001,0.09965564,-0.20964526,0.032426767,0.009812083000000001,0.0010596421,-0.11544762,DSC06756.jpg
75,0.0046147366105227785,0.02748720478194798,0.007472689525362692,0.0006080143670165992,0.00026257483238079185,0.03131541064489041,0.0019372378403154464,0.00024944603997164737,0.00014138907683331766,0.029332202726059343,0.0044941389849706935,0.0005310480360991952,0.00016440121660241775,0.004142721566794098,0.0029968822013623684,0.0033703382282051072,0.013902278677473626,0.008392940032893651,0.00024736131753154373,4.189961607300978e-05,0.008525013933512508,0.00028548554098604045,0.09196363050874394,0.002766408876776801,-0.030597845,-0.07494304,0.09513923,-0.22611916,0.32646686,-0.16547023,0.14000852,0.11444212,0.016182758000000002,0.023952574,-0.17097856,-0.26611915,-0.29652490000000004,-0.23467503,-0.23256762,0.6752232,-0.20190914,-0.040943637000000005,0.25467807,-0.025781441000000002,0.11789574,-0.21611688,0.16885424,0.04579543,-0.19671088,0.47874690000000003,-0.056370124,0.02298787,-0.054602585999999995,-0.2992666,dark_forest.jpg
76,0.009701367705950925,0.00011113516716496912,0.01879609253519516,0.026276363861316925,0.016880935581507103,0.001323429713603953,0.017119705407959283,0.014563574937340047,0.031120658134023385,0.0018309443961289531,0.019327078716546466,0.012995373524118427,0.028647868029856458,0.016075516107088156,0.01594656588764947,0.01609185346132086,0.007435699646158606,8.861801075030814e-06,0.0024624500918786797,0.04579195985842717,8.178143805532151e-07,0.02938670490051892,0.009021336527791633,0.019926593351669998,-0.104950373,0.048281342000000005,0.107756255,-0.0496129685,0.0339628505,0.0012143045,-0.111995385,0.05319133949999999,0.0861190075,-0.15301898,0.0120293738,-0.007329689249999999,0.08469204250000001,0.0566368155,-0.01959082,0.01127206615,-0.00885493775,0.040141076,0.0834229,0.0862267175,-0.15184682500000002,0.054418144,-0.00514687065,-0.06482242449999999,0.0400993925,0.01259702755,-0.055090175000000005,-0.00661514415,0.00511642,-0.013201857000000001,"IMG_4256.jpg,IMG_4257.jpg"
77,0.009729163013639327,0.0014692375535971288,0.003258493959116079,0.004137375223176312,0.04407711207772741,0.0014934259608643404,0.003071625127321287,0.004127516890439265,0.045556188951592,0.0014815580317786856,0.0030341885952720337,0.004541231449315925,0.04171989030748365,0.019462500603277647,0.019482066652050302,0.019290763984372353,0.005722201194249298,0.0020567925818129303,0.0035997150802764134,0.06600442168389055,0.0,0.0,0.0,0.0065447063455946215,0.013711353,-0.037383717000000004,0.01865377,-0.004940599,0.09199001,-0.045235816,0.08311301,-0.018060908,-0.16008052,-0.040130217,0.07451663,0.034828726000000004,-0.18628787,-0.020219428,-0.013672445,-0.1331841,-0.13264269,0.070008285,-0.13113518,-0.010456765,-0.07852402,0.015827062,-0.2925614,0.12597494,0.01887665,0.056228712,-0.06894235,0.10517175,-0.096129335,-0.08784986,Yijun.jpg
78,0.012734844637955774,0.008522927975846424,0.013538614484962836,0.012451320655445143,0.011992724982605743,0.005187370935172219,0.013442994189252771,0.013879460679147155,0.015816258499206537,0.0034363373342772975,0.00947348010353732,0.01190539704422583,0.02448677781959898,0.011960523817060274,0.013847532837701015,0.016270626445927232,0.0053916218753542805,0.00687845903552221,0.030348522204313885,0.024227924586596797,0.0037259623178004485,3.778406730616067e-05,0.00012080245995759748,0.0002560608692439385,0.1564355775,-0.060287996999999996,-0.25620297999999997,-0.136370835,-0.22640702000000001,-0.10526567,-0.01442710005,0.008597892,-0.084157465,-0.062564065,-0.069227085,0.038233945,0.121425395,0.390715075,-0.052833224000000005,0.35853221999999996,-0.100157005,-0.438065295,-0.37513417,-0.037493415,-0.0434634235,0.064699446,-0.08884184,-0.17825181499999998,-0.06937876,-0.032000380700000004,0.09924301999999999,-0.0108546385,-0.10429630499999999,0.0070822748,"DSC07680.jpg,DSC07681.jpg"
79,0.012285564372333344,0.018429867220778058,0.015350993674240266,0.004274518619492921,0.003693130315342117,0.015671552097880743,0.016515033441687525,0.005791539848825664,0.00502917398899918,0.011995908290238166,0.019635959703834242,0.007008681823497661,0.006425236165939749,0.00684596924528009,0.008028172220896863,0.00908740569369552,0.005157071925296258,0.018686192109236218,0.020756891541382896,0.005931593126442582,0.01246944952154646,0.0030861962225205513,0.004649478966055981,0.0022677635501137786,0.46907893,-0.19792620000000002,-0.026815402999999998,0.5749183000000001,0.14489304,-0.43885502,0.51723343,0.39686087,-0.6748673000000001,-0.14420459,0.14827932,-0.039343905,0.291032,0.64002466,0.008553554,0.017942328,-0.032372613,0.5050515999999999,0.23665169,-0.018827727,-0.056536604000000004,-0.31429768,0.30275822,-0.24002193,0.050201815,-0.033515085,-0.016758991,-0.019557178,0.02045351,0.049545392,DSC09906-1.jpg
