,pc1,pc2,pc3,pc4,pc5,pc6,pc7,pc8,pc9,pc10,pc11,pc12,pc13,pc14,pc15,pc16,pc17,pc18,pc19,pc20,pc21,pc22,pc23,pc24,pc25,pc26,pc27,pc28,pc29,pc30
20170430-DSC04672.jpg,-0.14835446,-0.031185843,-0.05861014,-0.07152437,0.05929303,0.021014957,0.112384446,0.06468652,0.00974299,0.05765645,-0.031231033,-0.16519453,-0.021934897,-0.061613087,0.040157247,0.061876826,0.024040794,0.0010218888,0.02148301,0.0027245092,0.023891822,0.006731726,0.070675164,-0.0057819244,-0.0040132087,-0.0020822221,-0.06736107,0.0641625,0.04384134,0.051095586
20170716-DSC08368.jpg,-0.085573405,-0.059775528,-0.03091665,-0.0034868098,0.005278887,0.053751998,-0.06511477,0.0066670356,0.0707851,0.022320598,0.005431916,0.057561263,0.11679221,0.037677795,-0.06517837,-0.009497195,0.057736073,0.0047347345,0.057371367,-0.043924358,-0.053065237,0.009729643,-0.027851995,0.024846625,0.055969227,0.049226135,-0.00012697768,-0.008222064,-0.02550242,-0.032540515
20180405-DSC01342.jpg,0.06519971,0.017639106,-0.011954078,0.10126863,-0.0082864575,-0.1325845,-0.27290076,-0.10441175,-0.029145995,0.0781498,0.09822147,-0.16489671,-0.011209324,-0.02012569,0.0048295693,0.02996948,0.035036243,-0.036643602,-0.00028545596,0.09151371,-0.027776083,-0.006765303,-0.020778105,-0.061580673,-0.015343832,0.015228708,0.011290131,-0.03823091,0.037119623,0.06706896
20180407-20180407-DSC01662.jpg,0.102817215,0.61827755,0.30373713,-0.084514745,0.12273133,0.0012638271,-0.021405322,-0.10770856,-0.03635179,-0.46210447,0.0049940245,-0.14050423,-0.057527207,-0.024950556,-0.029381227,0.06196317,0.05817168,-0.021405656,-0.14360039,0.03913434,0.1012443,-0.0057769455,-0.023299512,0.045431443,0.15025695,-0.09214112,-0.08514349,-0.13780503,0.094883956,0.19549133
20180407-DSC01647.jpg,0.6121801,1.0996304,0.36441317,-0.19938545,-0.108237684,0.10954275,0.20091335,0.17452353,0.41394818,0.91176,-0.21065684,-0.34699595,-0.16971594,0.49111497,0.03460147,-0.33787477,-0.23742548,-0.050596595,0.13213813,-0.008044991,-0.058748454,0.057290964,0.07530121,-0.050671954,-0.032249667,-0.04970999,0.01689338,-0.024567615,-0.08625756,-0.11425945
20180407-DSC01675.jpg,0.06722734,0.105690345,0.02978352,0.32458994,-0.00068876427,-0.02981074,-0.29958427,0.01356598,0.0029037404,-0.20308472,0.03366716,0.026043033,0.06687376,0.11299805,-0.10194057,-0.10605112,0.07030161,-0.22731236,0.26700085,-0.1318772,-0.07737157,0.13389535,-0.1328787,-0.041390862,-0.27864444,0.22437464,-0.00923991,-0.088081054,0.020968232,-0.07331902
20180407-DSC01687.jpg,0.5027504,0.46846822,0.13442616,0.14620343,0.043031894,-0.25598264,-0.40358436,-0.42043915,-0.12938617,0.16923681,-0.1321277,0.28774527,-0.25585595,0.094996065,0.6303942,0.47248942,0.67226744,0.115621656,-0.08966282,-0.18167892,-0.10356939,-0.032024764,0.19210058,0.19570592,0.049613312,0.17584541,-0.01179491,0.00736953,-0.08290523,0.09688674
20180407-DSC01689.jpg,0.2140949,0.7244432,0.39622128,-0.18915974,0.11138703,0.018845053,0.054713335,-0.102551706,0.11218765,-0.82752544,0.17126262,-0.37906232,0.002889324,0.14113426,-0.15245765,-0.0696334,0.14482124,0.15870467,-0.2517743,-0.04920896,0.37325108,0.082188785,-0.20994963,0.12673867,0.041537978,-0.04758303,0.011961687,-0.14382829,0.05627965,-0.14947487
20180407-DSC01703.jpg,0.039084114,-0.019312466,-0.033643536,0.04259503,-0.11604513,-0.06054446,-0.116336234,-0.14648697,-0.038273998,0.0058442065,0.021309314,0.033772055,-0.10372208,-0.09568171,-0.0075765434,-0.027280474,-0.006870921,0.027832922,-0.052371297,0.015466241,-0.013370725,-0.07515581,0.010099504,-0.028759833,-0.045522146,-0.0042315754,0.006119742,-0.024597572,-0.046343222,-0.015782887
20180408-DSC01768.jpg,-0.006051785,0.13964126,0.04726628,0.13176496,0.17453615,0.0700424,-0.18408884,0.2180828,-0.03348567,-0.17229857,-0.2855595,0.42370534,-0.082878865,0.12631927,-0.018920971,0.029146483,0.037797403,-0.09708589,0.4365796,0.08553342,-0.26923406,0.3762413,-0.09372553,-0.007395566,-0.13873933,-0.046402246,0.01853871,-0.20774817,0.3569982,-0.1510552
20180617-DSC02493.jpg,-0.09061674,0.058819037,0.047118876,0.1454363,0.0864676,0.004879646,-0.18657245,0.042212006,0.05066854,0.04706528,-0.19196796,0.1259375,0.057937406,0.056810573,-0.042831473,0.060148887,0.021489516,-0.114890926,0.20452566,-0.012145394,0.098549575,-0.06281422,-0.15598497,0.21603724,0.032021306,-0.0054567214,-0.021607026,0.2755047,0.04574563,-0.22251904
20180618-DSC02604.jpg,0.024707202,-0.03296774,0.023532785,0.16344026,-0.104455225,-0.12621792,-0.1602152,-0.14181991,0.049850028,0.029568885,0.10204838,-0.12002971,-0.014571624,-0.053578667,-0.060442436,0.015239324,-0.05861305,0.072129086,0.0458036,0.103180945,0.046031408,-0.067117214,-0.009319902,-0.010334938,-0.014106328,-0.07326183,-0.04466932,0.08984297,-0.01195414,0.009351826
20180618-DSC02682.jpg,0.30794466,-0.47037444,0.46759802,0.4090944,0.19211847,-0.8135968,0.5050632,-0.10326342,1.0715754,-0.15694252,-0.27266163,0.32988277,-0.044227533,-0.10224419,0.019988619,-0.06074645,-0.05473586,-0.069649756,-0.10819992,0.041051902,0.099760994,-0.075167224,-0.01006836,-0.06907296,-0.20257197,-0.1304174,0.040525876,0.040953383,-0.040867906,0.20461929
20180618-DSC02700.jpg,0.2250919,0.0032252374,-0.02147045,0.19485816,-0.07950478,-0.05112188,-0.13359019,-0.05875495,-0.1443607,-0.06633438,0.01081007,-0.11826913,-0.01716827,-0.20419064,-0.101964824,-0.25293654,0.18381481,-0.31465304,0.010884759,-0.017132869,0.09120068,-0.1589801,0.13075775,-0.08972021,0.028765142,-0.046017542,-0.051892836,0.0091281645,-0.035225905,-0.12190103
20180618-DSC02825.jpg,-0.10548466,0.035419323,-0.011841925,0.078186736,0.011448826,-0.059445787,-0.14178017,-0.053997416,-0.030806964,0.065094575,0.028758753,-0.055362217,0.0051881457,-0.017542407,0.01679229,0.008876984,-0.027130958,-0.025170965,0.025056168,0.017754193,0.118041925,-0.109497376,-0.04620798,0.029555196,-0.00543568,-0.046228483,0.003561062,0.040087365,0.019139763,-0.052538794
20180618-DSC02840.jpg,-0.09175179,0.01643006,-0.06276776,-0.004959309,-0.04128029,-0.012385912,-0.06406378,-0.04614045,-0.028477527,0.0102516785,-0.0034166507,-0.06695693,0.02943389,-0.001180107,0.05832285,-0.039213996,0.044290952,-0.007348823,-0.034091335,-0.014159349,0.04503678,-0.030043114,0.05360333,-3.3510616e-05,-0.098045096,-0.032822244,-0.016551241,0.052288055,0.0231382,0.026879245
20180622-DSC03296.jpg,-0.15344481,-0.06702296,-0.053671945,-0.03880868,-0.02061503,0.04214813,-0.0065892236,-0.0725526,0.03366683,0.04311775,0.009161114,-0.028457778,0.09252012,0.021745669,0.039974183,-0.041611627,0.027919162,0.031890996,-0.046547677,-0.065909594,0.028547844,0.019901572,0.070056185,0.007811604,-0.007694957,0.047773477,-0.0049947267,-0.01382464,0.025886683,-0.057997067
20180628-DSC03306.jpg,0.21391451,-0.0066195354,-0.08753208,0.3100401,-0.053549632,-0.17218515,-0.09299957,-0.01585531,-0.041533817,0.07759804,-0.022186153,-0.06688404,-0.1165869,-0.07076765,-0.08185768,-0.020473363,0.1422367,-0.06300042,0.007357543,-0.08771982,-0.09188209,-0.033896852,-0.1326818,0.028234212,-0.09902035,-0.03234074,-0.12920357,-0.017588,0.1136819,0.04700791
20180628-DSC03317.jpg,0.359421,0.013630583,-0.07963578,0.13276677,-0.23590225,-0.117981516,-0.027334616,0.2017988,0.0036336167,-0.009763686,0.1369488,-0.04987004,-0.08441912,-0.1702106,-0.2065073,0.034443635,-0.03685185,0.06624334,0.03858103,-0.10530278,0.055665936,0.3117293,0.15120563,0.048709426,0.076768436,0.14984377,-0.09541307,0.08391453,-0.3212158,-0.007915446
20180628-DSC03338.jpg,0.36236703,0.13056688,-0.16068116,0.3080288,-0.2170432,-0.1963295,-0.13766016,0.083954595,-0.16320895,0.13646774,-0.05762189,-0.17415781,-0.119966075,-0.08929059,-0.2720768,-0.025474561,0.05565263,-0.11950401,-0.016616743,-0.07773565,-0.0367832,-0.032550674,-0.17090128,0.039298065,-0.102777705,-0.10521772,-0.13676843,0.088516206,0.2458199,0.028978342
20180628-DSC03339.jpg,0.29082012,0.10941619,-0.13908571,0.12996653,-0.26810673,-0.11992654,-0.19101192,0.26138645,-0.09349836,-0.003847408,-0.08359388,-0.20877057,0.09149488,-0.0467754,-0.25934684,-0.039034933,0.047670487,-0.059477866,-0.028718982,-0.03570303,-0.010604899,-0.04110445,-0.065804906,0.0837202,-0.16117786,0.09978838,0.0160455,0.14417538,0.018589804,0.13490488
20180628-DSC03353.jpg,0.7087756,-0.072518356,-0.105348065,-0.21246707,-0.23554736,0.05357253,-0.42895997,0.75878316,-0.07657776,0.13767365,-0.5670771,0.25659484,0.1331269,-0.45117548,-0.2583291,-0.09276886,0.1810182,0.3586086,-0.36262468,0.16354041,0.15688379,-0.03175394,0.022387896,-0.18681903,0.02357335,0.012553254,0.16711897,-0.24745178,0.08106099,-0.0012827546
20180831-GOPR0522.jpg,0.10171139,0.15644953,0.02041989,-0.16819575,0.061630163,0.055950742,0.013156316,0.2588575,-0.14966683,-0.29934955,-0.118580945,-0.073115535,-0.05311091,0.09481306,0.19257385,-0.17826676,-0.0070484346,-0.09231472,-0.124719396,0.084374435,-0.10489872,-0.008102229,0.18494111,0.10844819,-0.16562304,0.040790644,0.1304575,0.35980615,-0.11587447,0.1753367
20180831-GOPR0528.jpg,-0.01632679,-0.01922601,0.013414033,-0.13822326,0.18505998,0.076826915,0.019358076,0.14813983,-0.10394024,-0.090550475,-0.13837822,0.07771983,0.06700158,-0.13689296,0.100360714,-0.022991544,-0.12487158,-0.12973134,-0.042914998,0.32372132,-0.05622245,0.11978052,0.35885105,0.13348258,-0.12357409,-0.098792866,-0.012443602,-0.0693709,0.093790226,0.011027675
20180831-GOPR0550.jpg,-0.09440698,0.004598725,-0.00030299742,-0.0434923,0.013917,0.019690523,0.014407212,-0.010735199,-0.05281504,-0.101119705,-0.0023097803,-0.022918142,-0.05100542,-0.021002498,0.0835927,-0.1106713,-0.003939772,-0.0260137,-0.052331112,-0.014725672,0.009188139,0.04324124,0.027740099,-0.07763795,-0.08031425,0.033592064,0.0056580002,0.054695882,-0.016871616,0.08853708
20180831-GOPR0559.jpg,-0.09874713,0.053551152,0.049032003,-0.099302635,0.074460305,0.03553948,-0.06325438,-0.007196439,-0.018569237,-0.186241,0.011484207,-0.060964726,-0.0066461302,0.033484235,0.0027122928,-0.12759642,0.00041011116,-0.0111806635,-0.08237702,-0.06665079,0.009644769,0.109592475,0.0876234,-0.05741753,-0.08284355,0.09319223,0.021819636,0.0966262,-0.053836033,0.07683347
20180831-GOPR0589.jpg,0.011954235,0.039354227,0.0048729964,0.16201714,0.016201379,0.008092955,0.03948661,0.052031484,-0.16272442,-0.012081224,0.068492144,0.02760462,-0.08310386,-0.060024053,0.017809106,-0.10670388,-0.00888585,-0.043159004,-0.054865263,-0.032480255,0.07485041,-0.00022281072,-0.06318908,-0.00647137,-0.11024235,-0.03482105,0.00029770064,0.004402132,-0.009846219,-0.047630396
20180831-GOPR0593.jpg,-0.08743679,-0.038123112,0.09126028,-0.11806896,0.10048797,0.048727494,0.023320055,0.007477821,-0.09041563,-0.09788895,-0.04950855,0.055487983,-0.03353378,-0.020160023,0.09712736,-0.14625657,-0.058755785,-0.07732883,0.03845278,0.11229484,-0.02687237,0.032358576,0.1031816,-0.10469376,-0.1383484,-0.011762413,-0.037955366,0.042800438,-0.038110044,0.033722013
20180831-GOPR0610.jpg,-0.13318655,0.040785544,0.00898459,-0.025613863,0.054140855,0.058820963,-0.034320354,0.0061939415,-0.07557614,-0.06137564,-0.025448281,0.061653767,-0.03076144,-0.027704699,0.085672826,-0.17751487,0.013170616,-0.08191562,0.05156458,-0.013654141,0.06761508,0.020299153,0.046794254,-0.12924054,-0.12980284,0.018316513,0.019611055,0.033754583,-0.08926429,0.038751926
20180831-GOPR0669.jpg,-0.030323679,0.07431585,0.08264808,-0.12375305,0.09627747,0.102900036,0.030977327,0.103988096,-0.12772222,-0.25024134,-0.04619005,-0.010092654,-0.0845235,0.020948356,0.06570659,-0.1961617,0.056786988,-0.08715743,-0.024102058,-0.06528508,-0.021256022,0.069980256,0.16422151,-0.063740894,-0.0676168,0.0041769342,0.18608388,0.17602475,-0.074462645,0.03591171
20180831-GOPR0687.jpg,0.015574243,-0.059401106,-0.008867508,0.070154585,0.01035442,-0.063105896,0.022901932,0.025380168,-0.11630392,0.017589603,0.02764225,-0.045229398,-0.047749527,-0.13146675,0.055422444,-0.16925134,0.039826628,-0.1956812,0.067469224,-0.09473491,0.08644386,0.07574492,0.095495395,-0.13028166,0.08926534,0.042546898,0.035238553,-0.03648692,0.0043197246,-0.0602703
20180831-GOPR0747.jpg,-0.0916061,-0.014770847,-0.0489066,0.1381157,0.047271412,0.08528376,0.059606418,-0.0018794495,-0.08741937,0.014287172,0.10962807,0.019583344,-0.043720584,-0.103948325,0.06519653,-0.10605685,0.02360735,-0.047451302,0.0075944746,-0.090473235,0.10128861,0.046293974,0.015850712,-0.021164188,-0.10853799,-0.035072032,0.037866317,-0.014784133,-0.041119184,-0.039314993
20180831-GOPR0775.jpg,-0.1258682,-0.014473448,-0.07374555,-0.034549847,-0.001801581,0.0397196,0.073513985,-0.0073177963,-0.013200538,0.0047658007,0.018744402,-0.094002746,0.029141841,-0.039796777,0.05164269,-0.051687155,0.023430461,0.012075942,-0.0244521,-0.070589006,0.038189784,0.046872217,0.039028775,-0.0052657863,-0.0112046525,-0.0056109037,0.0074062003,0.018605877,0.010757793,-0.035801217
20180901-GOPR0795.jpg,0.38473356,-0.2711373,0.078388035,-0.07526382,0.42400414,-0.18798694,0.2661192,0.043395024,-0.21367669,-0.02501489,0.17024559,-0.10049695,-0.079606734,-0.19842884,0.038567875,-0.33536744,0.13174084,-0.4440641,-0.11308093,0.15677832,-0.255025,-0.08746658,0.10780148,0.018204303,0.38005295,0.1143813,0.12700632,-0.18975534,-0.1619908,-0.24320528
20180901-GOPR0854.jpg,-0.12198753,-0.05313415,-0.024839407,0.020297024,-0.01784163,0.028442502,-0.0055532996,0.036933657,0.02246913,0.03261109,0.10257013,-0.0002954936,-0.013181381,-0.006841191,0.029553449,-0.04178967,0.12469865,-0.024192266,-0.031437937,-0.07230498,0.015109117,0.03454666,0.040363807,-0.09842865,-0.08226062,-0.012781255,0.059415217,0.009767106,0.014914235,-0.07587982
20180902-20180902-DSC03657.jpg,-0.1879971,-0.027445937,-0.059625696,-0.0133587,0.012131926,0.033460185,0.072140366,0.026541397,-0.022753896,0.09091538,-0.010540232,-0.05027109,-0.039115366,-0.030590054,0.0018026598,0.012901345,0.053472146,0.030218355,-0.01421783,-0.038276512,-0.00249324,-0.009087713,-0.023078963,0.03304108,-0.03270585,-0.06462609,0.02061672,-0.018299626,0.0011587807,0.04309471
20180902-DSC03484.jpg,-0.19385858,-0.017674783,-0.009029605,-0.035230517,0.0075037098,0.052031934,0.0059038806,0.00021235028,-0.0041105375,0.057082273,-0.052889407,0.03191693,0.028761901,-0.0073289713,-0.0024724714,-0.0067003267,0.0300419,-0.010840675,0.03039549,-0.013983875,-0.0064261267,-0.054445893,0.031543482,-0.006950829,0.014754084,-0.069616646,-0.009625492,0.00028645992,-0.0055800034,0.025110897
20180902-DSC03506.jpg,-0.19246994,0.054875318,0.0058519086,-0.05053857,0.016085604,0.095790826,0.07919463,-0.0020746929,-0.02963965,-0.023869948,-0.011683231,0.011058353,-0.009843586,-0.029933603,0.034971364,-0.03949625,0.07169295,0.020637695,0.022305336,-0.02435039,-0.01141777,0.004130467,0.055860303,-0.07444907,-0.1208958,-0.056007735,0.03839809,0.016234476,0.0016293616,0.048880264
20180902-DSC03512.jpg,-0.20575099,-0.008992399,-0.03417173,-0.04155296,-0.0070927376,0.05655785,0.036403466,-0.0046208557,0.0033073148,0.031309906,-0.021310262,0.017310036,0.019474247,-0.0025746524,0.00015284703,-0.02942338,0.060371026,0.027509453,0.011994055,-0.033223134,-0.009668593,-0.023356363,0.025288295,-0.013016737,-0.049995814,-0.052671965,0.011947655,0.01150698,-0.002608566,0.015141918
20180902-DSC03633.jpg,-0.17923766,-0.0053434903,-0.06276695,-0.05511167,0.0030616387,0.08509723,0.16864869,0.079011604,-0.006787783,0.10134057,0.030790217,-0.0706096,-0.13247387,-0.0614994,-0.108589955,0.06650747,0.2324521,0.06964973,0.023536496,-0.15506049,-0.011407362,-0.0053667026,-0.005236736,0.0063780225,-0.119054966,-0.13938297,0.21592502,-0.10952176,-0.022512764,0.04424586
20180902-DSC03635.jpg,-0.15219723,-0.064898364,-0.10021695,-0.05605292,0.0043600067,0.036463328,0.14723526,0.0550707,-0.0047354503,0.08778875,0.0074872263,-0.107924715,-0.034415577,-0.036906116,0.043706756,0.057519756,0.07110106,0.014656957,-0.020010201,-0.0068545314,0.02097244,0.07152328,0.03155129,0.015360231,-0.021655373,-0.053695858,0.003863799,-0.028529072,0.032460842,0.01983081
20180902-DSC03657.jpg,-0.16775703,-0.0230368,-0.052432716,-0.062771514,0.0016914562,0.07247084,0.123562805,0.058612406,-0.005610134,0.10752739,0.013328932,-0.0910387,-0.084081694,-0.05928461,-0.08216049,0.06946657,0.20466952,0.053067483,0.037662316,-0.11286126,-0.015439883,-0.019834576,-0.019838817,0.016145281,-0.092799045,-0.1476037,0.15504842,-0.09386577,-0.03157879,0.03701157
20180902-DSC03681.jpg,-0.14743027,-0.029053083,-0.07429614,-0.02274436,-0.019135483,0.033149857,0.1175556,0.02993918,-0.02847592,0.0479804,0.020615576,-0.016236017,-0.05193347,-0.020668702,0.043052766,-0.010537755,0.045041684,0.06397786,0.0016480044,-0.05868868,0.009849754,0.076496474,-0.01949662,0.020736802,-0.05136724,-0.024231408,0.07166832,-0.012110431,0.015886951,0.04533773
20180902-GOPR0969.jpg,-0.14672388,0.0041201166,0.004994435,-0.084430255,0.073559046,0.068997756,0.07010853,-0.0015440527,-0.051462874,-0.015174432,-0.022276636,0.012819382,-0.018818645,-0.0197034,0.08142693,-0.10479246,-0.0022694403,-0.02286574,-0.028437898,0.025401868,0.011916565,0.025142733,0.05761729,-0.04707869,-0.09741441,0.004915594,-0.0002515713,-0.0018966492,-0.030836485,0.0072625563
20180902-IMG_4613.jpg,-0.1495296,-0.026475077,-0.060847748,-0.109119326,-0.06662896,0.04308091,0.04403837,0.018754585,0.08017605,-0.029070713,-0.03491294,-0.02496762,0.06448232,0.06396615,-0.018227655,0.017297694,0.07866352,0.052300896,-0.05003417,-0.078151144,-0.048755325,-0.026593685,0.019823205,0.0109247295,-0.0149908485,-0.02333473,-0.0036379164,0.033007715,0.051115982,-0.009882815
20180902-IMG_4614.jpg,-0.16775644,-0.029851831,-0.048559792,-0.0938122,-0.061208766,0.03980088,0.04934039,0.011623589,0.07276162,0.0014616705,-0.039309006,-0.029734835,0.046285152,0.043142747,-0.02441522,0.01691506,0.07729462,0.04667595,-0.036879312,-0.06851858,-0.053444475,-0.041774362,0.020100769,0.013298794,-0.0019576773,-0.039426837,-0.0030114697,0.034317367,0.032331917,-0.006374358
20180903-DSC03714.jpg,-0.20914854,-0.044297613,-0.03750039,-0.058611874,-0.00992445,0.042955905,0.054663472,0.020554053,0.050022855,0.01737438,-0.031857718,-0.03580149,0.061735712,0.011680919,-0.0047166236,0.03200411,0.07505765,0.044254027,-0.0025845233,-0.025429834,-0.030698061,0.0056448514,0.07288751,-0.0002511246,-0.03603191,-0.07244477,-0.02247462,-0.0039007696,0.038139746,0.012887969
20180903-DSC03729.jpg,-0.20614843,-0.02301012,-0.043121897,-0.054716222,0.053509157,0.04293016,0.06590787,0.020083651,-0.022490583,0.046765883,-0.022645725,-0.055122003,-0.0069300183,-0.017057162,0.019333178,0.03125284,0.022167942,0.02027016,-0.01524338,-0.025856238,0.014720717,0.00764759,0.048960052,0.00090247893,-0.008790052,-0.039193776,-0.027645567,-0.010669182,0.0038631514,0.044914886
20180903-DSC03733.jpg,-0.16053766,-0.04726174,-0.076773085,-0.04355836,0.0071327034,0.033739038,0.07947008,0.007342221,-0.012043894,0.07602268,-0.009409674,-0.05076029,-0.023061061,-0.023037283,0.018420728,0.031620953,0.057461694,0.012693761,-0.015978936,-0.026861496,0.010098696,0.015196983,0.0058405483,-0.008173245,-0.0145136025,-0.050182678,0.007844228,-0.037358608,0.0008157188,0.013565013
20181015-DSC04033.jpg,0.34643856,-0.058731712,-0.29415917,-0.23248397,-0.24352475,-0.026192928,0.26981223,0.15586999,0.13385546,-0.128725,0.11646372,-0.1326947,0.23426445,-0.16145644,0.5532918,0.07757931,0.011617731,0.010980224,0.3431042,0.0446279,0.17850949,0.16270584,-0.24128142,-0.08911836,-0.028653452,-0.0077322554,-0.078498445,-0.011562193,-0.05713769,0.025360271
20181015-DSC04040.jpg,0.43935302,-0.08252176,-0.28581658,-0.32198972,-0.15320586,0.06363048,0.059431482,0.4497897,0.22382031,-0.03661278,0.12710871,-0.22810993,0.28982174,-0.1268999,0.49241608,0.040080927,0.011589505,-0.035741914,0.0974738,0.12437609,0.031027822,-0.01870887,-0.28159624,-0.06296797,-0.043146227,0.38345405,-0.051789995,-0.06255934,0.002906991,0.20179006
20181225-DSC04177.jpg,-0.008054577,0.008886636,-0.018034847,0.03425823,0.008802751,-0.08914401,-0.13691923,-0.1443692,0.028533947,0.0539609,0.0025861317,-0.039205275,0.008442227,-0.027009167,0.03370075,-0.0051597017,-0.054663647,0.039636794,-0.04031251,0.024633989,0.016380593,-0.10334071,-0.0018854184,0.043506183,-0.08818866,-0.02181785,0.0013230599,-0.0040210863,0.059787977,-0.017259946
20181225-DSC04201.jpg,-0.062135123,-0.039695356,0.04234233,-0.06904635,0.08010626,0.054732725,-0.13941906,0.1095492,0.1011528,0.00030905486,0.11103559,0.09030997,-0.038519304,0.08284385,-0.054818846,-0.012663541,0.07534086,0.009648975,0.032731332,-0.107156456,0.07368284,-0.027515125,-0.007691504,-0.183234,0.0016991181,0.041381195,0.075944945,-0.09555241,0.022711955,-0.098035626
20181225-DSC04214.jpg,-0.13670743,-0.034566246,0.021136248,-0.072580494,0.062512584,0.042807553,0.11609759,0.038415045,0.05402632,0.0005268238,0.028612278,-0.059182778,-0.023467222,-0.064890854,-0.00031375745,0.04581589,0.14866303,0.019764407,0.05977188,-0.121131755,0.00663098,0.08162366,0.017157465,-0.21937299,0.05066486,0.025238445,0.08939686,-0.054636233,-0.06334062,-0.04784861
20190112-DSC04345.jpg,-0.15517879,-0.041059446,-0.058239862,0.010142642,0.00021500507,0.0003406749,0.025837375,-0.00023422966,0.0029531766,0.08503322,-0.0022742995,-0.08690041,-0.06848495,-0.047368642,0.01543162,0.053011324,0.09065232,0.00050544826,-0.014681813,-0.062237374,0.0711289,-0.030579096,0.033767782,0.007932368,-0.067177534,-0.060955517,0.022068767,-0.03104287,0.0128260655,0.0010480897
20190112-DSC04359.jpg,-0.15844652,-0.03159658,-0.064286426,-0.026781641,-0.023236368,0.019661251,0.027110586,0.0030864552,0.031261474,0.0699474,-0.014882483,-0.08687176,-0.031166436,-0.036609355,0.02202167,0.062298603,0.0762366,0.008639634,0.0053796726,-0.066795416,0.05782163,-0.040561687,0.032470617,-0.003273487,-0.04520745,-0.05895771,0.016124565,-0.030949729,0.012730889,0.019587433
20190112-DSC04374.jpg,-0.18783033,-0.031407792,-0.033003237,-0.0288163,0.007269283,0.024529604,0.05786268,0.0005166386,0.008809654,0.06409879,0.0038809301,-0.039700765,-0.020731417,-0.011834671,0.010418919,0.023040457,0.058318995,0.041137837,-0.01412951,-0.040784597,0.02910027,-0.010664502,0.051480964,-0.018546917,-0.06489798,-0.07017519,-0.014330571,-0.02756349,0.023041371,-0.0017190812
20190422-DSC04751.jpg,0.31059048,0.74161685,0.29580474,0.2292267,0.0451975,0.3177359,0.5836864,-0.15185857,-0.18197735,0.23479797,0.45139018,0.48667297,0.560187,-0.50876915,-0.068624124,0.25285545,-0.10717061,-0.15289176,-0.2670294,0.013472086,0.007548406,0.057604466,0.16306227,-0.075772315,-0.06667472,0.15112492,-0.16281837,0.09196433,0.22945541,0.05614902
20190422-DSC04760.jpg,0.05824001,0.07782572,0.0036092852,0.40832385,0.07548052,0.16842784,0.08692771,-0.0914947,-0.103719234,0.02101119,0.25749528,0.19004877,0.05798515,-0.14791997,0.07050273,-0.037882395,-0.17040974,0.0031871428,-0.0061084265,-0.025894938,0.07063957,-0.014822183,-0.20355584,-0.048775066,-0.30757436,-0.028094774,0.24661723,-0.10739698,-0.0394068,-0.17906491
20190422-DSC04799.jpg,-0.060799707,-0.08264654,-0.0195139,0.121543504,-0.047025282,-0.01576468,-0.18320307,-0.044792004,0.100610934,0.06767064,0.16835564,-0.066724256,0.16428605,0.08152735,-0.048961185,0.04112662,-0.11121524,0.027310519,0.008255908,0.027984355,0.04278769,0.12912042,-0.020152424,0.07697639,-0.0127740335,0.06625016,0.08287351,-0.061423536,0.030784665,-0.041620396
20190423-DSC05082.jpg,0.08668001,-0.054211605,0.031891722,0.07659554,-0.14077346,-0.06863332,-0.23406568,-0.15010653,0.017983796,0.019577138,0.19020784,-0.22932085,-0.10820183,-0.15078166,-0.0885975,0.02181446,-0.1346147,0.093927674,0.005894967,0.1233604,-0.024362247,0.057097174,0.06974872,-0.15786685,-0.06658598,-0.045093212,-0.06592581,0.023407642,0.060763538,0.093769275
20190423-DSC05096.jpg,0.050391536,0.13265531,0.04874146,-0.045789525,-0.011058094,-0.09018143,-0.05325742,0.0055173542,-0.0054981057,-0.15209796,0.06373245,-0.30765784,-0.13383707,-0.15261517,-0.12428962,0.06858019,-0.08435326,0.02105933,0.044303898,0.053248208,-0.02894497,-0.0056554163,0.054916427,-0.10851861,-0.076608956,-0.060075708,-0.18091357,0.10319263,0.037834294,0.046391997
20190423-DSC05160.jpg,0.02774444,0.048642907,0.03975267,-0.11183174,-0.06761163,0.005782493,0.039976165,-0.0381751,0.043940585,-0.087665446,0.013224205,0.12853941,0.116988964,-0.016247641,-0.0063498244,-0.00056317355,0.12494531,0.08491517,0.052436255,0.05966038,-0.27264076,0.15900418,-0.03880378,-0.043251988,0.1483265,-0.018187381,0.0840278,0.3558998,-0.07821194,-0.13028151
20190423-DSC05185.jpg,0.15195316,0.1171136,0.04384878,0.16668388,-0.11026775,-0.14050247,-0.047968745,0.18089916,0.12299121,0.026886875,-0.045881197,0.09245481,0.16632727,-0.15324491,-0.11274383,0.015490351,0.09439113,-0.010161788,-0.04474973,0.03897324,-0.19850253,-0.12556642,-0.07101379,0.11050357,0.28276765,0.026718974,0.1141491,0.44961932,0.006769977,-0.15985422
20190425-DSC05686.jpg,-0.15601327,0.024331175,-0.025120063,0.065254584,0.026567742,0.046411302,-0.005148046,-0.026769366,-0.030235335,0.059500866,0.002879247,0.05272826,0.08419597,-0.017305616,-0.017474627,0.0018999779,-0.022671388,-0.03310794,0.021696907,-0.009703387,0.06265073,-0.034427993,0.0032401036,0.018987646,0.0051744226,-0.05004208,-0.007542679,-0.06480255,-0.04000809,0.008369563
20190713-DSC05725.jpg,0.12442975,-0.09368024,-0.11898299,0.2076798,0.035826974,-0.15321638,0.1350982,0.15437526,-0.0564522,-0.005580925,-0.0033613716,-0.055223316,0.054442722,0.052459422,-0.04150537,0.119361356,-0.106557325,-0.13165924,0.05310264,-0.15055388,0.23618639,0.23726349,-0.00091555296,0.40577498,0.35332382,-0.17313579,0.028488869,-0.09619486,0.056300435,0.069438174
20190713-DSC05727.jpg,0.029662926,-0.0440112,-0.10305463,0.21308075,-0.027565435,-0.09449262,0.081095465,0.1119468,-0.117638774,0.029695665,0.007232341,-0.08400796,0.014203369,0.056170676,-0.084303275,0.100240685,-0.055006992,0.042551745,0.024365364,-0.06874973,0.15110683,0.053936627,-0.14086668,0.25882712,0.1153258,-0.08233252,0.04134332,-0.04645221,-0.012458037,0.010611821
20190713-DSC05728.jpg,-0.10638689,-0.057992205,-0.040021457,0.02568904,-0.049818568,0.0056333668,-0.10296501,-0.045272306,0.0931846,0.0048819496,0.05976077,-0.08189973,0.10828061,0.043752477,-0.054103393,0.0017308498,-0.021716967,0.011526798,0.0038255956,-0.04691799,-0.03697268,0.059863716,0.03618669,0.06449872,0.021882668,0.042297076,0.031865776,-0.007841721,-0.01479432,0.027725969
20190804-DSC06087.jpg,0.11231116,-0.08211264,0.0005384629,0.08182085,-0.036246162,-0.20160829,-0.06218844,-0.10656572,0.04984443,0.074407674,0.04733891,-0.15126434,-0.073181145,-0.093049005,0.008065042,-0.07282192,0.13585539,-0.14832275,-0.05979272,-0.13749474,0.005882133,0.061586898,0.19022733,-0.11068383,0.17896064,0.035087213,0.02124625,-0.09904681,-0.100813754,-0.11031817
20190804-DSC06089.jpg,-0.20103341,-0.056144018,0.023297088,-0.014116297,-0.006219283,0.037923973,-0.024235878,0.0039355005,0.017633207,0.044586524,-0.0006957622,0.001246268,0.09699536,0.0054250546,0.018323723,-0.0078006205,0.02134516,-0.008878851,0.00017953175,-0.029758804,-0.016731441,-0.048332863,0.021571225,0.031652804,0.065554604,-0.015279723,-0.00092540967,0.018398313,0.017352613,-0.015369352
20190804-DSC06090.jpg,-0.15821975,-0.042222045,-0.04907589,0.0062033646,-0.003956894,0.017203325,-0.0049222456,0.0020823018,-0.0066766,0.037481565,-0.009039652,-0.01297297,0.06435153,0.0044230237,-0.00090675487,0.010065147,0.0079214545,-0.017839959,0.0016142486,-0.009010264,-0.01629475,-0.0060332175,0.011973283,0.064278305,0.034522936,-0.013547055,0.03184852,0.00731332,-0.005716225,-0.004874409
20190804-DSC06092.jpg,-0.15808897,-0.05678941,-0.04246949,-0.03266192,0.019271836,-0.010785578,0.032001626,-0.0009723753,0.0076755835,0.054317184,-0.0040971693,-0.06401168,-0.012068568,-0.02387938,0.021790743,0.033185698,0.0056367763,0.014416171,-0.0129826795,0.020683069,-0.012105484,0.004561755,0.05384605,0.00284622,0.014663261,-0.03253948,-0.06008607,-0.014685838,0.053640485,0.010215293
20190804-DSC06099.jpg,-0.1486163,-0.06744257,-0.04630243,-0.0057301745,-0.03780169,0.033969242,-0.06550309,-0.025381902,0.052984275,0.018099943,0.04999455,-0.028974697,0.102229245,0.037672553,-0.01567745,-0.019801473,0.0033410685,0.010943111,-0.0068997303,-0.039968047,-0.03990403,0.039264217,0.03299108,0.02072881,-0.005089701,0.05534666,0.04272356,0.0074607325,-0.053774983,0.015519939
20190804-DSC06103.jpg,0.0119971195,0.13481444,0.014668862,0.13271789,0.024630504,0.09249265,0.09847945,-0.07440122,-0.00973741,0.20734216,0.06582323,0.024964076,0.07308776,-0.015289976,-0.010655946,0.0077199508,-0.020874616,-0.019016147,-0.04283701,0.029414048,0.03535831,0.036226656,0.006326476,0.014482561,-0.06079277,-0.04793234,0.028411485,0.07055927,-0.029458802,0.02262987
20190824-DSC06269.jpg,-0.12791139,-0.016222684,0.016681587,-0.10592831,-0.0028043827,0.034928177,-0.09553006,0.016283616,0.08579,-0.035967942,-0.046496287,0.027777236,0.20755519,0.101842225,0.049785532,-0.08255854,-0.023934986,0.09803022,-0.07512494,-0.07788318,-0.023671055,-0.007268687,0.06560432,0.03530727,0.02210601,0.06851057,-0.030457517,0.09289524,0.14589182,-0.114083104
20190824-DSC06287.jpg,-0.13247184,-0.024914162,0.0005211758,0.0015475119,0.008242822,-0.024432791,-0.08283825,-0.035873637,0.034341548,0.019636048,-0.0040890556,-0.018617589,0.09120523,0.025163358,0.02600276,-0.023633396,-0.0049316087,0.038712427,-0.061648488,-0.0056867693,0.013039872,-0.0022631774,0.040567596,0.0007860422,0.04100557,-0.001052788,-0.048849437,0.006224139,0.09442156,-0.055888038
20190824-DSC06300.jpg,-0.15963277,-0.026531313,-0.008236924,-0.003039485,0.011576107,0.017803565,-0.04729982,-0.022048013,0.01427031,0.030021837,-0.036947187,0.032083116,0.064250804,0.033762775,0.029205734,-0.047486063,0.02469379,0.017840868,0.010666731,-0.033783548,0.033059347,-0.021178083,0.0148933465,-0.029654074,0.072203815,0.019152476,-0.016052175,0.0076273647,0.04310221,0.007393839
20190824-DSC06318.jpg,-0.14156835,-0.019790987,0.0025367076,0.014211992,0.005436049,0.0008456373,-0.03009693,-0.0079116775,0.043606587,-0.0025494355,-0.043630864,0.03432643,0.1041151,-0.011635803,-0.052399367,-0.016996762,0.025344362,-0.03147337,0.069181405,-0.009829903,-0.028036226,-0.049367618,0.018114012,0.016098518,0.078135446,-0.03897483,-0.028685316,0.056140877,-0.044462476,-0.037847776
20190824-DSC06325.jpg,-0.15845047,-0.029119749,-0.0098917745,-0.0006511087,-0.032227885,-0.002164706,-0.066254415,-0.021267766,0.011820957,0.039416492,0.015275358,0.020583022,0.039081413,0.02161709,0.003987887,-0.011350453,0.0043038726,0.003541775,-0.018344877,0.02021511,-0.036229085,-0.04551865,-0.023616407,-0.032656655,0.04912994,-0.02543515,-0.019646129,-0.027747618,-0.04127915,-0.02062552
20190824-DSC06345.jpg,-0.13842256,0.004378784,-0.001765323,-0.001107631,0.022135194,0.036668163,0.01427344,-0.011424528,-0.0028808692,0.029060962,-0.01808261,0.071629494,0.032218207,-0.0025559284,0.03582829,-0.03450872,-0.0008003395,0.027614664,0.0071514444,0.035264734,-0.03823437,0.037934516,-0.022075402,-0.0073747635,0.052825626,-0.01625491,-0.0036082193,0.028810252,-0.0060696905,-0.020538783
20191228-DSC06364.jpg,0.0383021,-0.009556529,0.10091599,0.0148753,-0.0076720607,-0.074111916,0.035237532,-0.0126198,0.019173682,-0.00055653305,-0.010092916,0.12974225,-0.12029348,0.056295898,-0.0007813459,0.07429196,0.0054264227,0.052277036,-0.07021941,0.022767456,-0.05782824,0.07005281,0.015241895,-0.0748944,-0.0017471715,-0.012829927,-0.17052858,-0.09024258,0.0501287,-0.07565797
20191229-DSC06365.jpg,0.27977294,-0.89296633,1.6081811,-0.10438275,-0.70209646,0.45690903,0.0022964021,0.030875651,-0.35444018,0.06037131,-0.09087034,-0.073525466,-0.06970424,0.039455853,0.14243561,0.11231247,-0.06789,-0.112395674,0.04231139,-0.14415064,0.017344644,-9.342423e-05,-0.07549137,0.06688718,-0.010259053,-0.041162662,-0.037048288,0.004555338,0.05272294,0.023580005
20191229-DSC06369.jpg,0.0023698008,-0.1897312,0.22921516,-0.056274816,0.006789732,-0.03134174,0.026829643,0.02847986,0.08209732,0.03351984,0.07205024,-0.03309222,0.081047304,0.05435248,0.07540875,-0.13457666,0.003621093,0.03456947,-0.0919318,-0.040877547,0.02290876,-0.123918444,-0.124984905,0.022714753,0.0507343,0.103296615,0.047878344,-0.013415553,-0.04394842,-0.1527454
20191229-DSC06399.jpg,0.036603108,-0.19133204,0.1260519,0.05335322,-0.021151189,-0.13060354,0.10976811,-0.07261932,0.10384932,0.0588483,0.15484107,-0.13587089,-0.045938313,-0.04346405,-0.07349173,0.0036611967,-0.010245242,0.1597997,-0.1819708,0.02708911,-0.024379943,0.16752978,0.1307873,-0.07194952,-0.15618554,-0.03160214,0.048077483,-0.118021175,-0.015578327,-0.11597076
20191231-DSC06485.jpg,-0.09006964,-0.030797018,0.07492407,-0.13657305,0.04892088,-0.010630645,0.017755177,-0.010912847,0.15969272,-0.0144269345,-0.053528465,-0.036636464,0.20157114,0.13376032,0.16439703,-0.15465876,0.04341476,0.17810534,-0.21751055,-0.08300376,0.10128213,-0.17587532,-0.04737269,0.012432971,0.058860056,0.189623,-0.04211619,0.05143755,0.27538556,-0.23829399
20191231-DSC06489.jpg,-0.11033939,-0.041653708,0.052745163,-0.09769316,0.061827336,-0.0102472585,0.03432622,-0.027612519,0.1231581,0.016972601,-0.05874964,0.0028770736,0.14400853,0.102610596,0.13729687,-0.14981863,0.039238654,0.15461338,-0.1672857,-0.10552746,0.09393982,-0.15592848,-0.067828804,-0.02567064,0.062665,0.19125517,-0.041726798,0.047804143,0.23354213,-0.20475808
20200101-DSC06559.jpg,-0.10119229,-0.05742558,0.033857815,-0.19796562,-0.026620276,0.030607423,0.07171639,0.098639145,0.04078442,-0.06683516,-0.08983878,-0.09385212,0.020807026,-0.08787575,-0.052001983,0.14406066,0.04434062,0.09010045,0.074811354,0.059818327,-0.11589335,-0.0894289,0.09246457,0.044773698,-0.05203829,-0.12185247,-0.099790275,0.0039894367,0.11089664,-0.028336473
20200101-DSC06560.jpg,-0.14760867,0.02648893,0.06997536,-0.122853555,0.012233658,0.046212394,0.060781308,0.041430216,0.057872258,-0.09218833,-0.054143786,-0.07873503,0.0066685937,-0.030970637,-0.014680871,0.07216436,0.056645952,0.074028604,0.05153939,0.024687255,-0.13974762,-0.011629681,0.06671515,0.017134491,-0.023318961,-0.031871222,-0.071167074,0.0757285,0.013812393,0.02539843
20200101-DSC06606.jpg,-0.11690509,0.03214798,0.0063381465,-0.011274088,0.056203704,-0.019171083,-0.017135125,0.047008988,-0.052807078,-0.031051077,-0.028552206,0.0058704987,-0.08091352,-0.0054330034,-0.030717814,-0.062025934,-0.037186265,-0.014990344,-0.013284098,-0.028852805,-0.026825072,-0.027547471,-0.09260304,0.0850645,0.0025656093,0.047540918,0.0072207227,0.09032181,0.035016607,0.091729365
Allen.jpg,-0.09007324,-0.0003127728,-0.048871815,0.030718002,-0.01575277,-0.049425777,0.017859187,-0.0043810643,-0.0751449,0.09526791,-0.014564699,0.03834989,-0.12998609,-0.031128291,0.037582833,-0.030876957,-0.07949972,0.025129821,-0.07173048,0.08360693,-0.018767126,-0.016151082,-0.13226946,0.05701714,0.026329951,-0.012214948,-0.08869103,0.032179866,0.025673226,0.0375254
Aria.jpg,-0.08819821,-0.018027272,-0.023329414,-0.0071546696,0.08675665,-0.0029150918,0.10080832,0.04627163,-0.11947376,0.05211765,-0.055208627,0.07353077,-0.13810419,0.019451264,0.06237452,-0.066155024,-0.07854687,-0.0111430595,-0.09778733,0.041240327,-0.014186635,0.058259968,-0.033349764,-0.012885068,0.0494501,0.0048733037,-0.045063138,-0.012566986,-0.037087705,-0.044343676
China.jpg,-0.08167908,-0.04220618,-0.013731455,0.039653864,-0.030091692,0.008254661,-0.14395061,0.017656757,0.043810755,0.037141617,0.10641372,0.01019128,0.0027793227,0.0029351816,-0.04552482,-0.009610101,0.035061467,0.023506584,-0.012712678,-0.015819984,0.06664874,-0.031638317,-0.035826996,-0.093589716,0.010919066,0.010529964,0.009608513,-0.039999597,-0.016580956,-0.070209384
DSC04508.jpg,-0.17430066,0.037305836,0.04012184,0.042454533,0.16734645,0.052742064,0.042547222,-0.009254497,-0.10986772,0.098500475,-0.088485,0.14772525,-0.21160136,0.03989725,0.015792556,-0.11033218,-0.14307217,-0.036276083,0.14573064,-0.1866719,0.2940496,0.18206114,-0.065659046,-0.13531193,0.32036445,0.32884854,0.22863346,0.086066864,0.13464071,0.5351477
DSC04518.jpg,-0.1644778,0.018487986,0.03775072,-0.028523155,0.10671282,-0.0059738504,-0.008466672,0.08205591,-0.025197597,0.021969305,-0.072122656,0.04270737,-0.06079822,0.015243875,-0.033323213,0.021017801,-0.028634978,-0.06560741,0.08253459,-0.052840956,0.07514433,-0.071936354,0.04472177,-0.045116127,0.0693172,0.066838205,0.03217996,-0.036787923,0.060087748,0.038467873
DSC04555.jpg,-0.13353525,0.0531828,0.009460941,0.037240844,0.10373024,0.018865086,-0.029128652,0.060599968,-0.07624505,0.10291903,-0.06368466,0.06689474,-0.07777663,-0.028152188,-0.004582869,-0.04874245,-0.078533925,-0.0720443,0.109774314,-0.045124248,0.17419153,-0.03538464,0.022864651,-0.030631533,0.07762598,0.04454506,0.05573009,0.027469367,0.061213102,0.064272955
DSC04743.jpg,-0.076825276,0.122376196,0.10650422,-0.13631053,0.1882279,-0.037150245,0.17239122,0.07375472,0.02614,-0.0084650265,-0.07624893,-0.130931,-0.07866562,-0.1282819,-0.15113512,0.3584075,-0.057563007,0.029508494,0.10396436,-0.010214671,-0.0035196391,-0.06734874,0.061553013,0.04085259,0.043506198,0.10294172,-0.023032106,0.036485683,-0.055815198,-0.017653711
DSC04824.jpg,-0.068964735,-0.02543592,0.06801312,0.0025721306,0.052372288,-0.038801957,-0.030095674,0.014566479,-0.015235125,-0.021880068,-0.008286318,0.016437812,-0.059842043,-0.031221084,-0.027865427,-0.104314625,0.0880872,-0.11389914,0.06804603,-0.17701094,0.19139664,-0.07647657,0.023280796,-0.14155984,0.15779646,0.07124225,0.11085731,0.07361714,0.016957816,0.021764817
DSC06649.jpg,0.20578893,-0.006041665,-0.1591196,-0.103738785,-0.24005915,0.02359473,0.056405097,-0.15062024,0.0524942,-0.04501656,-0.030123062,0.119857594,-0.062479563,-0.112692796,0.11764182,-0.02364158,0.019875182,0.060417328,0.14227597,-0.009404572,0.04328866,0.012551601,0.037259504,0.03485443,0.06912519,-0.07433297,-0.024814202,-0.061524652,-0.008703847,-0.06787817
DSC06651.jpg,0.099285334,-0.049181107,-0.1114443,-0.07230746,-0.18503822,0.10211872,0.01466919,-0.22649524,-0.04152262,-0.04699832,-0.06422733,0.16419908,-0.12900871,0.035822753,-0.038217764,-0.08708793,-0.053586267,0.1873269,-0.03635329,0.1467684,-0.008440996,-0.09491651,0.011079641,0.1090683,-0.015240161,0.18307135,-0.11633353,-0.10686078,-0.31603897,0.11373448
DSC06658.jpg,0.17363694,0.00082940725,-0.27130374,-0.2635924,-0.3978043,0.01957803,0.14227985,-0.23709285,0.024325464,-0.16572666,-0.08144109,0.13724318,7.4699055e-05,0.23817287,-0.15045047,0.122584455,-0.14510252,-0.1363836,-0.07957349,-0.06224411,-0.022528253,-0.15286209,0.04251912,-0.027802141,-0.05617975,0.050315753,0.114822894,0.010098017,0.10486638,0.028883392
DSC06675.jpg,0.1271624,-0.0025196853,-0.21595216,-0.14182648,-0.391644,-0.038631164,0.12009135,-0.18659496,0.07504793,-0.13253878,0.018704165,0.13640168,-0.03655595,-0.14993359,-0.073222145,-0.107934274,-0.25534013,0.11298537,0.14074758,-0.21333662,-0.08003479,-0.038556337,0.16183123,0.10410008,0.13389826,0.042145204,0.06483026,-0.076117024,0.06687496,-0.074760884
DSC06700.jpg,0.34069273,0.035998423,-0.21390423,-0.23497045,-0.23553227,-0.051865634,0.14835435,-0.054753006,-0.015894013,-0.19874547,0.032223023,0.17076318,-0.21875754,0.028412666,0.1042962,-0.074497774,-0.09112572,-0.0117015885,0.026093202,-0.20759286,-0.17235963,-0.06771741,0.054459207,0.124197185,0.028142916,-0.14667419,-0.019633668,-0.07666539,0.33015466,0.09822528
DSC06705.jpg,0.114516586,-0.06807259,-0.082567945,-0.05635926,0.010257883,-0.09180018,0.073401734,-0.07348806,0.01890516,0.03264196,-0.006324511,-0.0011721195,-0.14779502,0.001969942,-0.007143944,0.013958919,-0.012237019,0.08046236,-0.046817113,-0.06023043,-0.02036314,0.20164874,0.061845325,-0.048413657,0.14390129,0.02315055,-0.15316702,-0.093430966,0.06344385,-0.044511892
DSC06722.jpg,0.13888755,0.11529728,-0.20655286,-0.2239973,-0.3694642,0.017967112,0.12961265,-0.18143342,0.013987748,-0.102044515,-0.07892337,0.12724149,-0.045782696,0.10071459,-0.16858062,0.008654984,-0.12786324,-0.08801257,0.012414943,-0.12685105,-0.12999834,-0.24553277,0.088661574,0.040729117,-0.04065097,0.020946395,0.1766326,0.0030282862,0.11752031,0.0035401369
DSC06729.jpg,0.1298314,-0.09927774,-0.11715998,-0.08295872,-0.22425257,0.13869321,0.04736396,-0.25364503,-0.011950476,-0.050760433,-0.046446286,0.15017417,-0.10475084,0.047698945,-0.081567764,-0.111406334,-0.041503064,0.15738434,-0.016144276,0.11406524,-0.0084033515,-0.084961705,0.014142254,0.11788392,-0.039251998,0.23204264,-0.07711995,-0.087285936,-0.28751922,0.075482145
DSC06734.jpg,0.9703813,-0.41954777,0.0074359914,-0.7377964,0.8863301,-0.007225176,-0.07158623,-0.4565427,-0.16878735,0.2004075,0.089081116,-0.12649217,0.30818352,-0.02152323,-0.21295922,-0.11038298,0.05522882,-0.018423995,0.17085192,-0.14027166,-0.24980442,-0.13348612,-0.2734717,0.15857992,-0.16516156,-0.044727996,0.05270116,-0.08363298,0.07471581,0.17564707
DSC06739.jpg,0.60725963,-0.18813068,-0.016772302,-0.2723221,0.4987991,0.07249743,-0.3041051,-0.14726232,-0.09783249,0.03516674,-0.14016306,0.29187432,0.10754422,0.031010106,-0.12877461,0.030314919,-0.15332572,0.25804886,-0.07620265,-0.32625335,0.28490776,0.30490476,0.05717602,-0.12584676,-0.030013155,-0.31970826,-0.17457907,0.2887184,-0.25772017,-0.07617273
DSC06743.jpg,0.21452662,0.025686532,-0.20983253,-0.1463234,-0.3738126,-0.03872287,0.051784575,-0.2489105,0.054576136,-0.13606176,0.01782636,0.08804084,-0.08749041,-0.19515109,-0.036029834,-0.1278807,-0.22513726,0.16521904,0.16675371,-0.18530588,0.0028449087,-0.03312805,0.14407006,0.1414138,0.10630447,0.04035756,0.03153505,-0.079907514,-0.016627045,-0.07340163
DSC06746.jpg,-0.058854166,-0.06087471,-0.060810663,-0.109902315,-0.0019025558,0.014157293,0.0586052,0.09044832,0.060158808,0.01593163,-0.02735019,-0.0769874,0.058490537,0.015328369,0.09340615,0.10082747,0.033032767,0.039701354,-0.02018917,0.032002892,0.024080168,0.026420774,0.021790145,0.047168724,0.00029078312,-0.021886265,-0.08027553,-0.0042102127,0.020706309,0.0019539883
DSC06749.jpg,0.15750188,0.17460927,-0.11683274,-0.0132815335,-0.25047624,-0.03597744,0.017339617,-0.09843272,-0.10563854,-0.13414396,-0.05849268,0.11603792,-0.04937169,-0.06030678,0.1709514,-0.15227948,-0.077399,-0.024490323,0.20803161,0.015400223,0.15670952,-0.22108154,-0.072472885,-0.038228072,-0.1963975,-0.06405793,-0.025002297,-0.005328452,-0.1716815,-0.1580818
DSC06754.jpg,0.27612647,-0.13151637,-0.27384162,-0.1609787,-0.15510853,0.04201366,0.24853145,0.041550852,0.010262558,-0.017949482,-0.03203092,-0.03951159,0.056741428,-0.033052787,0.15059602,0.2262449,0.06602876,-0.12750818,0.22574967,0.07004832,0.20220357,0.10260941,-0.20447382,-0.16372532,0.1648348,-0.3337431,-0.0953199,0.17491959,-0.07439842,-0.15741032
DSC06756.jpg,0.087435275,-0.10262561,-0.134246,-0.016154207,-0.08649356,0.025301715,0.1112215,-0.075293034,-0.01055429,0.026519924,-0.03265117,-0.023997394,-0.0090719145,-0.02564685,-0.005036824,0.076396935,0.19628868,-0.08404447,0.042970665,0.041214388,0.08775658,0.0037344466,-0.0066133766,-0.043421134,0.09965564,-0.20964526,0.032426767,0.009812083,0.0010596421,-0.11544762
DSC06771.jpg,0.2218281,-0.0045599095,-0.16014424,-0.08409951,-0.16008331,-0.047511138,-0.025749024,-0.24802214,-0.040805418,0.022705255,0.009871002,0.0044944626,-0.10556824,-0.10146725,0.0048886733,-0.10134592,-0.077081576,-0.033930197,0.13075241,0.01680333,-0.012922872,0.051337283,0.13013509,0.010531182,-0.008534715,-0.05086037,-0.0031333335,0.009327194,0.14978212,0.014545246
DSC06786.jpg,0.2748573,-0.25771976,-0.078666545,-0.036976047,-0.13913205,0.1932584,0.3346321,-0.4550034,-0.03919058,0.08105401,-0.042023692,0.10353872,-0.1113413,0.3344992,-0.39866218,-0.089090034,0.506205,0.013623109,0.16593523,0.75861216,0.43136746,0.18746968,0.028146278,0.023947243,-0.039555114,0.22506769,0.08177421,0.15067174,0.16435717,-0.038355853
DSC07680.jpg,0.19073258,-0.060869977,-0.24365449,-0.14247076,-0.21468183,-0.1313242,-0.030350205,0.023275431,-0.07178779,-0.07953481,-0.06569564,0.03065658,0.10216231,0.4055328,-0.017608948,0.3648448,-0.08883971,-0.4329446,-0.38214412,-0.03133318,-0.040696517,0.059658032,-0.08650105,-0.1764701,-0.104500026,-0.0061835414,0.07437404,-0.002357213,-0.1157272,0.0074107666
DSC07681.jpg,0.122138575,-0.059706017,-0.26875147,-0.13027091,-0.23813221,-0.07920714,0.0014960049,-0.006079647,-0.09652714,-0.04559332,-0.07275853,0.04581131,0.14068848,0.37589735,-0.0880575,0.35221964,-0.1114743,-0.44318599,-0.36812422,-0.04365365,-0.04623033,0.06974086,-0.09118263,-0.18003353,-0.034257494,-0.05781722,0.124112,-0.019352064,-0.09286541,0.006753783
DSC07848.jpg,-0.12570986,0.06334803,0.013769524,0.013389296,0.07010551,0.004626587,-0.11043471,9.701587e-06,-0.0039850394,0.0038592424,-0.03461898,0.035499334,0.11255783,0.06883857,0.11095984,0.0074846395,-0.003977957,-0.011679121,0.045539744,-0.0062365243,0.08294185,-0.06136517,0.006509354,0.08217437,-0.041732986,-0.060876932,-0.03222326,0.06759996,0.016086124,-0.070272855
DSC07876.jpg,-0.09399657,-0.09463852,-0.021143941,0.042619497,-0.013709672,0.05033042,-0.08885202,-0.040372044,0.065234125,-0.0041157324,0.07645992,-0.033208426,0.16259505,0.053782165,-0.072655134,-0.026674332,-0.05003388,-0.020912832,0.05179835,0.0035827141,-0.063775115,0.12344012,-0.024646722,0.09795242,0.03214399,0.115659304,0.03669419,-0.050683588,0.0051977616,-0.032640215
DSC07890.jpg,-0.1453453,-0.08385796,-0.06609598,-0.05218711,-0.04614041,0.04009676,-0.021804256,-0.04812956,0.045254596,-0.0072879926,0.017332572,0.003168195,0.10252891,0.04793412,-0.06373809,-0.025762713,0.040988598,-0.039902322,0.021739952,-0.03720062,-0.088279165,0.09743545,0.093608685,0.037750542,0.052102562,0.007088516,0.025240563,0.02882722,0.029253306,-0.0075156223
DSC07899.jpg,0.18312828,-0.13521749,0.046717815,0.2588611,-0.06695387,-0.10784264,-0.1125993,-0.12089809,0.16607772,0.024069246,0.12123083,-0.3007979,0.19394416,0.023687202,-0.094192855,-0.04559779,0.07038008,-0.080872,0.1094323,-0.091406934,-0.08060562,0.1805064,0.19825892,-0.054457553,0.033224218,0.034262635,-0.09909934,-0.07740408,0.12582414,0.2219106
DSC08485.jpg,-0.11191967,0.0467134,-0.0063594393,0.11293158,0.07140566,0.040280838,-0.059450045,-0.02637447,-0.029054306,0.0738826,-0.048067495,0.083449915,0.036813326,0.02394095,0.030886462,0.005248643,-0.0045096325,0.0097531155,0.030091798,-0.035612933,0.13626517,-0.08600535,-0.06126962,0.12633272,-0.05158098,0.009230116,-0.011875821,-0.04552549,-0.022844162,0.0039303694
DSC08486.jpg,-0.14000641,0.03176175,0.012005823,0.09142147,0.050048053,0.01305196,-0.08612314,-0.013767075,-0.019175822,0.051659934,-0.029493617,0.06487267,0.06355022,0.025678689,0.041545946,-0.003591132,-0.02367554,0.01555897,0.013775458,0.0072928006,0.10949799,-0.072359756,-0.026189122,0.08059454,-0.045362577,-0.029667042,-0.012811383,-0.039209414,-0.0030419338,0.019623278
DSC08589-3-1.jpg,-0.040418025,0.05533878,0.012713242,0.057371203,0.048678473,-0.098159425,0.0672154,0.12682056,-0.16620022,-0.05902872,-0.036672227,-0.14282171,-0.1919265,-0.15115209,-0.020504039,-0.09675083,0.027106976,-0.10494761,-0.0147368,-0.023582786,-0.033862192,-0.12868682,-0.056732804,0.092245355,-0.10424124,-0.012622543,-0.054589797,0.36424798,0.06389588,0.14515407
DSC08593.jpg,-0.12938042,0.075016335,0.025159603,0.014684364,0.027930446,0.029463932,0.0038592578,-0.05856537,-0.027479723,0.088470764,-0.01892595,0.04219452,0.07036735,0.005815542,-0.034025796,0.0008280026,0.0005985559,-0.013419591,-0.03174558,0.042428505,0.08979619,-0.17063655,-0.07921835,-0.018869396,0.072316736,-0.041264698,-0.11589396,-0.10729065,-0.093846895,0.100996524
DSC08596.jpg,-0.14675012,0.09473513,0.030920936,0.04041645,0.027863745,0.0076171765,-0.0039501805,-0.04312179,-0.06757413,0.073554516,-0.03248292,0.063780904,0.050079923,-0.007849374,-0.027064221,-0.004581277,-0.012277486,-0.030667167,0.002886492,0.051587157,0.08984136,-0.19954394,-0.08646257,-0.040017065,0.06358512,-0.074548535,-0.15316547,-0.10489607,-0.12318419,0.121697955
DSC08599.jpg,-0.08485361,0.028470013,-0.010629842,0.09010191,0.0029798276,-0.01969332,-0.028405998,-0.058364134,-0.104608394,0.051753223,-0.009671837,0.063994065,0.06284447,-0.0015430371,-0.0008846117,-0.047275916,-0.049054794,-0.0439586,-0.017765176,0.059341118,0.09609911,-0.18204671,-0.109305635,0.036132514,-0.043557044,-0.0694258,-0.074667014,-0.08534257,-0.08895144,0.05822153
DSC08600.jpg,-0.08967511,0.09313641,0.008433042,0.072316036,0.018419033,0.057686903,0.0033317325,-0.1007784,-0.081553325,0.0877281,-0.012685206,0.074365094,0.09205163,-0.00079823786,-0.034258906,-0.020530658,-0.01208902,-0.06451653,0.0075593432,0.06947886,0.1064308,-0.13424064,-0.08147,0.027197279,0.014135787,-0.065578684,-0.09354814,-0.09079508,-0.105202004,0.10220714
DSC08609.jpg,-0.10529894,0.072436556,0.056447912,-0.0094660465,-0.0010667025,0.011456082,-0.076499455,-0.041361317,-0.016527578,0.020552615,-0.040601637,0.07230923,0.037539512,0.0025127556,-0.029785357,-0.017083537,0.014501497,-0.039944097,0.024256727,0.045999534,-0.020567916,-0.12688494,-0.056425843,-0.08372589,0.079138905,-0.02791258,-0.10237684,-0.07251675,-0.104983345,0.073090106
DSC08611.jpg,-0.09109856,0.008994673,0.050643068,0.0076851137,-0.017744727,-0.041360058,-0.14343195,-0.0327976,0.08318448,-0.0051411903,0.049557902,-0.042739443,0.0791764,0.019248689,-0.013930157,-0.02086552,-0.07299436,0.01127941,-0.0075372886,0.011766489,0.0292841,-0.060871135,0.01497412,-0.04027942,0.042498775,0.005780639,-0.0012303212,0.00043093704,-0.054761767,-0.030678688
DSC08621.jpg,-0.16730307,0.0325101,-0.0019705307,-0.03011039,-0.0032752072,0.018832369,-0.023279402,-0.00014081807,0.0024304127,-0.002312237,-0.06570802,0.052116245,0.039787363,0.03140974,-0.030788051,0.0023617188,0.00083820964,-0.008182912,0.0154677,0.05020479,-0.08092685,-0.06530842,-0.040753473,-0.016644742,0.03382888,-0.028157495,-0.091079175,-0.039922763,-0.015848307,0.03371555
DSC08632.jpg,-0.13928045,0.054902066,0.020650696,-0.054491118,-0.006367963,0.013932554,-0.0016461136,0.0027573984,-0.0013357061,-0.029519651,-0.07685937,0.04923796,0.011445001,0.02024374,-0.036556292,0.018513393,0.0034236326,-0.004204974,-0.0104650315,0.061581403,-0.091081105,-0.06293058,-0.03547142,-0.048499297,0.030120611,-0.032337375,-0.12239512,-0.054234132,-0.014646632,0.05027334
DSC08634.jpg,-0.13670847,0.08951025,0.04913726,-0.04249601,0.010165451,0.014531541,-0.020601198,0.0072580823,-0.005564793,-0.046465974,-0.08049841,0.024064569,-0.006201969,0.0042779874,-0.056488257,-0.0028145087,0.0015325948,-0.01310054,0.015373485,0.06945593,-0.088336304,-0.08607234,-0.04725471,-0.037166804,0.046346974,-0.052012347,-0.11810258,-0.03415753,-0.013631022,0.04947985
DSC08658.jpg,-0.18310754,0.02774949,0.022166153,-0.010237427,0.028704338,0.022202715,-0.010490672,0.013089245,0.013352086,-0.019888822,-0.04040527,0.035016675,0.062256146,0.005053601,-0.005433523,0.0045934822,0.0054474277,-0.008117618,0.054696504,0.033198934,-0.0054209223,-0.0893561,-0.023888234,-0.043251567,-0.0028807705,-0.030897588,-0.078439854,-0.03024848,-0.065803446,0.03831363
DSC08666.jpg,-0.13280566,0.118564926,0.0926104,-0.07438739,0.06153425,0.014255535,-0.013338415,0.0629148,0.00034965947,-0.11241766,-0.09351775,0.02600495,0.016569328,0.017126715,-0.059837427,0.05438205,-0.0019789543,-0.00063352985,0.048240155,0.08790754,-0.066716075,-0.089898415,-0.044542257,-0.0462082,0.03062967,-0.016407708,-0.12648025,-0.06784447,-0.042542975,0.04539968
DSC08673-2-1.jpg,-0.2093859,-0.062246185,-0.029292528,-0.052703395,0.0056988765,0.06445931,0.05553845,0.044628102,0.021672448,0.06824456,-0.009945508,0.007838344,0.020583265,0.028603029,-0.06555313,0.025827885,0.060234476,-0.05538759,-0.028957091,-0.10248228,-0.034932964,-0.025058173,0.05210998,0.013017567,-0.0127004795,0.007792609,0.08499217,-0.043824997,-0.07322199,-0.00539882
DSC08735.jpg,-0.12866399,0.016635941,-0.03443743,-0.0544564,-0.038547914,0.0013839969,-0.03421686,-0.02130027,0.041450005,0.0056757955,-0.04404554,-0.011321642,0.0599002,0.016484354,-0.0275654,-0.022976084,0.034519196,0.0022089637,-0.010942455,0.0077831103,-0.025549186,-0.06121272,0.035718583,-0.06894234,0.012476912,-0.041263737,-0.07704453,-0.006972675,0.028586738,0.03811518
DSC09902-1.jpg,0.69128287,-0.3142099,-0.407925,0.84442306,0.33086124,1.2754946,0.03664303,-0.0110555,0.4562745,-0.22994672,-0.18581669,-0.22093347,-0.24620192,0.079972416,0.083890304,0.10235888,-0.05195394,0.0019840999,-0.1232137,-0.05349402,-0.1455963,-0.19781403,0.069038145,-0.04340669,0.11687421,-0.0147403795,-0.105516054,0.030715933,0.007745399,0.018342808
DSC09906-1.jpg,0.46907893,-0.1979262,-0.026815403,0.5749183,0.14489304,-0.43885502,0.51723343,0.39686087,-0.6748673,-0.14420459,0.14827932,-0.039343905,0.291032,0.64002466,0.008553554,0.017942328,-0.032372613,0.5050516,0.23665169,-0.018827727,-0.056536604,-0.31429768,0.30275822,-0.24002193,0.050201815,-0.033515085,-0.016758991,-0.019557178,0.02045351,0.049545392
DSC09915-1.jpg,-0.007460614,-0.05726333,-0.028266445,0.22057286,0.08208822,0.11514639,0.044227257,0.04268661,0.035122603,0.03251894,0.11396341,0.02159933,-0.011799897,0.020911258,-0.033631932,0.01641669,0.06349648,-0.05139496,0.0074600447,-0.1255386,0.0023252226,0.035950337,-0.09318882,-0.030835388,-0.047310032,0.11125748,0.12730953,-0.11619236,0.012681376,-0.077724375
Digital_Monster.jpg,-0.16737723,-0.0633583,-0.043091092,-0.00036751555,-0.016059585,0.046470124,-0.010955447,-0.04040604,0.051339608,0.050254438,0.027690375,-0.019263733,0.098738395,0.019925049,-0.027799305,0.017453086,0.006615401,0.024702318,-0.020883529,-0.041454673,0.0038883188,0.034232512,0.044984832,0.06937818,-0.0236756,0.0031667233,0.023268482,0.0073280185,-0.017936451,-0.037660826
Dunyeng.jpg,-0.119839564,-0.02289762,-0.05829155,-0.0005930308,0.054300006,0.010575111,0.038168244,-0.0011494614,-0.048483897,0.10683223,-0.041207224,-0.022315511,-0.035180666,0.006731806,0.14489791,0.0066878176,-0.02408798,-0.0239061,-0.021824019,0.03794211,0.035363764,0.0015025121,-0.019917134,0.067481644,0.06687065,-0.05024366,-0.008064279,0.0042821113,0.06923237,0.02143475
Ellie.jpg,-0.0934912,0.0034223907,-0.04365109,0.021229187,0.035920974,-0.07548551,0.018702675,0.11162951,-0.08231175,0.09136226,-0.07772539,0.021484414,-0.13863748,0.023214601,0.016010705,-0.046286225,-0.081674196,-0.018526427,-0.08133407,0.117834635,-0.067698315,-0.0041479887,-0.15190433,0.04152024,0.061481416,0.024751537,-0.058918994,0.025083829,0.017847912,0.0700577
Fiona.jpg,-0.030636728,-0.04529915,-0.04350007,0.015051587,0.03993238,-0.078441605,0.094138816,0.027033865,-0.12477377,0.035046663,0.034587193,-0.037707664,-0.217134,-0.034490637,-0.0049327407,-0.039991505,-0.028234413,0.005311379,-0.14311166,0.12637702,-0.08423555,0.036320567,-0.1304906,0.0246978,0.06313322,0.0005629931,-0.10120199,0.029986352,0.006638111,-0.05150456
Fire.jpg,-0.1185874,0.065705284,0.024814723,-0.088632666,-0.0024705043,0.10273014,0.2375071,0.09381387,0.05860443,0.06654527,0.06864722,-0.05793846,-0.117580034,-0.029886257,-0.097233884,0.10391671,0.24506482,0.13422039,-0.04356686,-0.107808195,-0.04783833,0.03844429,-0.047870785,0.08749308,-0.18349418,-0.13566934,0.24736021,-0.058375333,-0.06614222,0.055520866
Fire1.jpg,-0.15129995,-0.0039576925,-0.013219316,-0.02002349,0.02029157,0.06578247,0.15881144,0.038590178,-0.02206166,0.0570049,0.04115114,-0.019322706,-0.059138704,-0.011982824,0.021473842,0.014638354,0.08019904,0.088321395,-0.07273561,-0.037739065,-0.029021034,0.0437903,-0.030738583,0.06798108,-0.10220406,-0.054684173,0.11630545,-0.004614221,-0.03223169,0.04068594
Hao.jpg,-0.04733244,-0.07141403,-0.050796818,0.052952595,0.045556817,-0.105788216,0.08390477,0.037969444,-0.12116819,0.071019955,-0.0046513025,0.026992366,-0.17851408,0.01982551,0.073402256,-0.0058067767,-0.07102615,0.026115816,-0.12769684,0.0720278,-0.050745092,0.092185624,-0.11808527,0.042729072,0.05713351,-0.03951594,-0.095654756,-0.03014331,0.070282415,-0.02065652
IMG_1568.jpg,-0.12163984,-0.05633763,-0.038037922,0.047081515,-0.052200556,0.0012481913,-0.10708007,-0.07849092,0.05789616,0.012386841,0.07657324,-0.006241316,0.12521213,0.045191597,-0.031469453,-0.025188299,-0.08782303,0.034343094,-0.021481056,0.015290685,-0.06182354,0.043346785,-0.010775979,0.012031683,-0.013799079,0.0978928,0.018156473,-0.02600359,-0.08078586,0.009823554
IMG_1682.jpg,-0.12137515,-0.075591415,-0.043890286,-0.049522694,0.0042949924,0.06586915,-0.039674178,-0.031721577,0.007924458,0.05246197,0.006868666,0.0076741334,0.08151862,0.04550496,-0.0668664,-0.027550185,-0.04028686,-0.0031755345,-0.015307808,-0.041145116,0.00637086,0.03181228,0.026796836,0.035129882,0.032081686,0.052826595,0.004661616,-0.0148669435,-0.07071034,0.029007997
IMG_1864.jpg,0.106231436,0.19424254,0.07458146,0.10664831,-0.059388176,-0.14069939,-0.1733416,-0.15010044,-0.10622019,-0.088362455,-0.013291847,-0.0076070055,-0.06656974,-0.06848009,0.2450313,-0.057415776,0.03394142,-0.15415695,0.13684544,0.1732709,-0.083717324,-0.07475542,0.05432272,-0.15271619,-0.017668217,-0.11397314,-0.046016373,-0.09638137,-0.01638072,-0.1503033
IMG_2049.jpg,-0.038383923,-0.0813612,-0.008418301,0.05588516,0.022858744,-0.076757945,-0.108296596,-0.075570665,0.060867853,0.028212313,0.022208314,-0.09024079,0.111769766,-0.04401033,0.03877587,-0.07213762,0.0093328105,-0.0010608302,-0.03577349,0.07881028,-0.075112104,-0.012080766,0.0824184,-0.05488402,0.021477425,-0.034340203,0.04512415,-0.05328454,-0.0009961338,-0.0012201316
IMG_2067.jpg,0.17365056,-0.006627353,0.045869112,0.03913774,0.13157044,-0.055385936,-0.42790934,-0.29376918,-0.048614692,0.064905934,0.22871862,-0.15062268,-0.16199319,-0.093653485,0.24060676,0.2885555,-0.40635446,0.224474,0.00273043,0.3581935,0.03238274,-0.121241435,-0.04294625,-0.23357166,0.1230831,-0.14677763,0.5974903,0.13135836,0.1803098,0.0011099682
IMG_2282.jpg,0.19627255,-0.15705842,0.014238519,-0.38157898,0.04080426,0.0923413,-0.34504926,0.65385354,0.3710263,0.055858985,1.1009171,0.47484776,-0.4223028,0.25099525,-0.095898464,0.032119878,0.09496925,-0.10134631,0.03964741,0.08158402,0.107058845,-0.20648918,0.14585021,0.14050025,-0.0061940667,-0.09617665,-0.14411773,0.05063479,0.038327966,0.049559783
IMG_2289.jpg,-0.02871593,0.044373494,0.13701898,0.18834636,-0.031245451,-0.060040243,-0.11779192,-0.0025636065,0.054399326,0.020255763,0.08784962,-0.109510005,0.08417997,-0.02747418,-0.033891827,0.060919996,0.04281334,0.024287188,-0.045706123,0.07971974,-0.041276995,0.018402811,-0.031676292,-0.03666038,0.08784714,-0.023417532,0.025351172,0.0033050808,0.011348933,0.0851313
IMG_2299.jpg,-0.08733487,0.009227431,0.012653675,-0.033238024,-0.02730302,-0.0150456065,-0.08452739,-0.06426626,0.09996804,-0.0006269263,-0.013130751,0.012039911,0.015370366,0.02689047,0.083691984,0.005450187,-0.0010250564,0.089211054,-0.029558955,0.030537566,-0.059015308,0.006185053,0.0196333,-0.07484496,0.04433533,0.011205655,-0.020836588,-0.016420018,-0.03169647,0.01331462
IMG_2300.jpg,0.026246242,-0.06971429,0.0042055566,0.033628248,-0.06979763,-0.049541783,-0.24135548,-0.096544586,0.091193855,0.01048141,0.0812561,-0.09433566,0.19691563,0.06323137,-0.045585167,-0.011575816,-0.004967087,0.09373796,-0.01065612,-0.010192067,-0.08533732,0.12565115,0.041768733,-0.044062503,-0.039348267,0.094400205,-0.072644584,0.019056771,-0.03902477,0.08968859
IMG_2302.jpg,-0.040576424,-0.06167682,0.025340173,0.05071564,-0.08345512,-0.018048031,-0.1818162,-0.08890407,0.058058858,0.0017434617,0.09760391,-0.050378267,0.095104314,0.038711634,-0.08387496,0.025996812,-0.10072805,0.07892694,-0.018087301,0.037520528,-0.02849646,0.13515723,0.049079273,-0.0051971255,-0.018781831,0.08256418,-0.03680323,0.065323055,-0.064815424,0.0003473151
IMG_2308.jpg,0.07131816,-0.11177865,0.006555269,0.107278146,0.049942393,-0.06394113,-0.06481099,0.17730623,0.08352334,1.5395111e-05,-0.09804698,-0.106423005,0.2746668,0.01758788,0.1785961,0.005431196,-0.06349339,-0.10103028,-0.09935339,0.27378055,0.0036961176,-0.0003184473,0.22515555,0.5868426,-0.03502879,-0.09005464,0.26896697,-0.13431574,-0.07605584,0.013624387
IMG_2312.jpg,-0.04901824,0.011471159,-0.0108559895,0.06583546,-0.038684223,-0.05420534,-0.19079486,-0.094464645,-0.0052169426,0.033901062,0.06526924,-0.054734696,-0.0008900233,-0.013470016,0.05678231,-0.00997937,-0.066447064,0.01633535,-0.07458831,0.05611626,0.06115605,-0.0670914,0.004856776,-0.049369797,0.015299094,-0.018689668,0.021544063,0.00745302,0.0041832933,0.0057112114
IMG_2331.jpg,-0.12302997,-0.038670473,-0.022566743,-0.046034865,0.078596294,0.08587275,-0.010422185,-0.104874656,0.0076640183,0.037274238,-0.047481496,0.10019798,0.17846231,0.09260978,-0.046284854,0.030333167,-0.009192835,-0.0626733,0.0049185497,-0.0026487808,0.0076969257,0.05200887,-0.006263299,-0.006193137,0.047017924,0.058771554,-0.023644969,0.0124317035,-0.05590193,-0.008700856
IMG_2341.jpg,0.009615504,0.019971685,0.06443798,0.041221127,0.21444066,-0.08395147,-0.058648385,0.10389619,0.1091541,-0.13394862,-0.14671089,0.17775768,-0.124701686,0.03709926,0.015417624,0.01063487,-0.06171188,-0.12708862,0.0313624,-0.14831585,0.053352546,-0.05729289,-0.04625497,-0.11253368,0.0057870434,0.16172813,0.14010675,0.017274503,0.054072015,0.0035807719
IMG_2349.jpg,0.051752694,0.073504806,0.10332242,-0.09160517,0.30747932,0.033999465,-0.21427807,0.09126946,-0.04870016,-0.10377197,-0.2050852,0.068966076,-0.027172288,0.12720421,0.086532384,0.08613063,-0.35855526,-0.13562578,0.013632089,0.09303001,0.27314353,0.10154581,0.29483584,0.031476803,0.006533172,-0.051942926,-0.107936196,-0.13268748,0.012540288,-0.07004818
IMG_3975.jpg,-0.117480144,0.07250673,0.098854445,-0.06499677,0.022813627,0.023068102,-0.03120433,0.0021438494,0.021230044,-0.07408138,-0.06056356,0.061712842,0.017339928,0.04201363,-0.03419082,0.024422742,0.006177306,0.021322856,0.051663015,0.09310222,-0.14492612,0.01426754,-0.013685657,-0.05312004,0.0299386,-0.036931947,-0.13666841,-0.028839076,-0.032406732,0.027414447
IMG_4096.jpg,-0.114362895,-0.01556382,0.08013314,0.019564725,0.00025691523,-0.005318117,0.0055093654,0.0072688987,0.105861545,0.010771961,-0.034245376,0.076058425,0.077895425,0.0119553525,-0.047273487,0.014926424,-0.013966126,0.04029185,0.052457936,0.007663475,-0.13169675,-0.018212652,-0.046600252,0.04536808,0.102708265,-0.020075189,-0.02194696,0.12011814,-0.047287162,-0.077581175
IMG_4098.jpg,-0.1507936,0.017016191,0.048348427,-0.017574089,0.030022938,0.017961167,-0.01861702,0.060226727,0.08512436,-0.07867356,-0.113190725,0.18282694,0.026869077,0.0016481956,-0.06591071,-0.0028796764,0.042280383,-0.023242332,0.13696045,0.018285139,-0.14390832,-0.014250847,-0.045543507,-0.105322234,0.045946073,-0.01091164,-0.008926326,-0.002072694,-0.036702305,0.07221737
IMG_4099.jpg,-0.055339847,-0.052678157,0.11902941,0.12930895,-0.07964504,-0.060922302,-0.13669975,-0.040159985,0.10493523,0.019278243,0.12400244,-0.04064279,0.049809903,0.025377622,-0.0043002563,0.06561808,0.024994057,0.10083413,0.02315834,0.033052757,-0.12930298,0.14129402,-0.05635031,-0.03622866,0.047158,0.006212229,-0.026469657,-0.037737437,-0.031968452,0.03974768
IMG_4256.jpg,-0.09625254,0.033797324,0.13386278,-0.026081877,0.023379976,-0.013160886,-0.1416338,0.042648453,0.102833785,-0.12977831,0.030367808,-0.026425544,0.104024015,0.054990824,-0.00787384,-0.0012309717,-0.0048408355,0.055177018,0.07317465,0.08354106,-0.12973891,0.05375745,-0.0027302343,-0.062432103,0.029625675,0.021693764,-0.07306245,-0.0032884763,0.03689538,-0.015745893
IMG_4257.jpg,-0.113648206,0.06276536,0.08164973,-0.07314406,0.044545725,0.015589495,-0.08235697,0.063734226,0.06940423,-0.17625965,-0.0063090604,0.0117661655,0.06536007,0.058282807,-0.0313078,0.023775104,-0.01286904,0.025105134,0.09367115,0.088912375,-0.17395474,0.055078838,-0.007563507,-0.067212746,0.05057311,0.0035002911,-0.0371179,-0.009941812,-0.02666254,-0.010657821
IMG_4356.jpg,-0.012124962,0.15988286,0.050844822,0.012432968,0.016181588,0.065918535,0.10374364,0.02253084,-0.02301141,-0.04193823,0.016325824,0.028410139,-0.06969553,-0.071493864,0.014309404,-0.13334718,-0.039569147,0.14810815,0.033037923,-0.013108099,-0.07419406,0.03109336,-0.03868275,0.038264286,-0.090555854,-0.039949205,0.14160787,0.12486065,-0.06445679,0.010227697
IMG_4358.jpg,-0.17184281,-0.0024609433,-0.020506378,0.014264343,0.031238649,0.014900843,-0.027008008,-0.024549218,-0.0045884782,0.056801695,-0.010473704,-0.004183672,0.05682401,0.0058843074,0.046008766,-0.015590597,-0.0040669804,0.028749168,-0.016347045,-0.004184209,0.07277118,-0.0634553,0.01885533,0.0134018855,-0.040915553,-0.053737625,-0.027274603,0.008723428,0.006861605,0.012967386
IMG_4375.jpg,-0.18517677,-0.0488846,-0.02271409,-0.0020276788,-0.00083931116,0.031120358,-0.024381287,-0.023468193,0.010304038,0.06082897,-0.009061424,-0.02104427,0.061417557,-0.013501248,-0.0056111887,-0.008398835,0.005752816,-0.0035015638,0.024107046,-0.033615194,0.018584954,-0.026991617,0.039841294,-0.00096042687,0.043935336,-0.015259724,0.022464499,0.0017266625,-0.008155274,-0.0034144837
JJ.jpg,-0.065549895,-0.043271102,-0.017657718,0.09190374,0.042883843,-0.08326826,0.056317233,0.00855317,-0.03292943,0.037300117,0.0035501006,0.08764547,-0.14445235,-0.008657474,0.03243047,-0.044881545,-0.074166544,0.066845305,-0.052043796,-0.023241334,-0.011195672,0.04789947,-0.14975528,0.025863348,-0.025408283,0.027160795,-0.021037407,-0.016809558,0.042257275,-0.012548575
Jue.jpg,-0.12321894,-0.018743036,-0.034035873,0.022214051,0.024894157,0.087804854,0.02164552,-0.018222585,-0.062395833,0.024393456,-0.047291327,0.08070601,-0.044101454,-0.00924849,0.029223885,-0.008910361,-0.10326634,0.015193041,-0.050212894,0.09225212,-0.02988495,0.06035208,-0.009683698,0.0728413,0.0028033522,-0.0090275975,0.01172428,-0.028311785,0.011523089,0.020540878
LIMBO.jpg,-0.08610608,-0.07836022,-0.06670072,-0.1294692,0.07281993,0.015348701,0.1394677,0.02828997,-0.028081194,0.01883773,-0.019773554,-0.13948351,-0.04757704,-0.053171203,0.07888986,0.057612948,0.0014681183,0.022490704,0.0048544467,0.105632156,-0.061723292,0.14313363,0.08867183,-0.025416162,-0.0625075,-0.003068055,-0.07691575,0.036410395,0.022280151,0.04017664
Nights_Watch.jpg,0.04251574,0.48866042,0.32958007,0.056461476,-0.032323994,0.12260172,0.09207049,0.111250035,0.06390373,-0.19310261,0.04161336,0.11331701,0.05849581,-0.07368206,-0.24832436,0.19815515,0.010899147,0.0931573,0.26604873,0.12026225,-0.24756259,-0.025928305,-0.18020312,-0.04288547,0.21926543,-0.09035734,0.2931613,-0.12294499,-0.27150002,0.08477433
Rocky.jpg,-0.005456272,-0.07195832,-0.065279625,0.011954481,0.050054587,-0.08085951,0.011737626,-0.02933823,-0.06374169,0.019729756,0.029326312,-0.0064055664,-0.099959955,-0.007470348,0.030335383,-0.021834005,-0.13428587,0.025874788,-0.051151566,0.09479327,-0.14756967,0.09433542,-0.1346646,0.035981957,0.008937355,0.02556893,-0.07845053,-0.043264568,0.0197126,0.033856027
Shirley.jpg,0.037613202,-0.07636762,-0.038674057,0.034782298,0.058512285,-0.08734949,0.23714659,0.0030162525,-0.12901275,-0.008732013,0.09257183,0.015693365,-0.3075763,0.08501926,0.10367063,0.023940068,-0.041988637,0.20783426,-0.28475195,-0.01981536,-0.2368246,0.2609425,-0.14413323,-0.05377414,-0.031131875,0.102597065,-0.031790726,-0.029300276,0.013217466,-0.18072389
Snow_Monster.jpg,-0.09201203,-0.006449295,-0.06775192,0.03570748,-0.051396184,-0.010736802,0.05005773,-0.040303554,-0.020835198,0.07140201,-0.0047768406,-0.0097150635,-0.036284488,0.014873715,-0.027388792,0.012438773,-0.05454664,0.042229965,-0.07769968,0.028830385,0.012363251,0.02715217,-0.031657625,0.047912974,-0.0014782083,0.003513385,-0.02675152,0.010193827,0.019612305,0.028505258
Xinyu.jpg,-0.03277217,-0.05180752,-0.052873913,-0.013330459,0.059401646,-0.11580514,0.048507977,0.08116386,-0.075093076,0.09585639,-0.074889205,0.006540959,-0.17461742,0.0031962004,-0.007654692,0.03387083,-0.10022102,-0.01273429,-0.1592807,0.13737872,-0.043328896,0.03937673,-0.13639404,0.013738885,0.073754035,0.039068617,-0.11185727,-0.010291718,0.05383996,0.015039435
Yijun.jpg,0.013711353,-0.037383717,0.01865377,-0.004940599,0.09199001,-0.045235816,0.08311301,-0.018060908,-0.16008052,-0.040130217,0.07451663,0.034828726,-0.18628787,-0.020219428,-0.013672445,-0.1331841,-0.13264269,0.070008285,-0.13113518,-0.010456765,-0.07852402,0.015827062,-0.2925614,0.12597494,0.01887665,0.056228712,-0.06894235,0.10517175,-0.096129335,-0.08784986
Zach.jpg,-0.081835635,-0.021079035,-0.0063090515,0.041304667,0.061214887,-0.022632096,0.077246755,0.009836544,-0.037585326,0.044170886,-0.021608654,0.10120472,-0.15649828,-0.0045145517,0.03578167,-0.0061188326,-0.11181484,0.09906599,-0.08909048,0.022941057,-0.015929231,0.09810204,-0.12374362,-0.000706143,0.014617487,0.10064081,0.024113275,-0.0440664,-0.0018886093,-0.019217433
dark_forest.jpg,-0.030597845,-0.07494304,0.09513923,-0.22611916,0.32646686,-0.16547023,0.14000852,0.11444212,0.016182758,0.023952574,-0.17097856,-0.26611915,-0.2965249,-0.23467503,-0.23256762,0.6752232,-0.20190914,-0.040943637,0.25467807,-0.025781441,0.11789574,-0.21611688,0.16885424,0.04579543,-0.19671088,0.4787469,-0.056370124,0.02298787,-0.054602586,-0.2992666
mountain_sea.jpg,-0.07815407,-0.02019128,-0.0058498997,-0.072611935,0.10162834,-0.02890107,0.0064744875,0.0634472,-0.02350678,0.058528833,-0.02844571,-0.020030506,-0.020058692,0.021119276,-0.0799223,0.08640773,0.06421294,-0.0097520705,-0.0011467207,-0.06792395,0.05413666,-0.124367535,-0.064444125,-0.10939122,0.10028438,0.089393325,-0.041149024,-0.09708665,0.048569366,-0.024462424
test.jpg,0.12501808,0.023731591,-0.015097496,0.3753987,-0.0027269502,-0.098067895,-0.10513937,0.16366915,-0.16162348,-0.067006916,0.011323267,0.06039233,0.08421769,0.050080486,0.078851275,-0.0075570424,-0.06371769,0.051732406,0.08292481,-0.051517166,0.055815533,0.07512907,-0.049355872,0.2408972,-0.22445263,0.10698571,0.022632927,-0.021708416,-0.118559316,-0.07987693
