,contrast,B_shadow,B_dark,B_light,B_highlight,G_shadow,G_dark,G_light,G_highlight,R_shadow,R_dark,R_light,R_highlight,B_average,G_average,R_average,sharpness,red_average,orange_average,yellow_average,green_average,cyan_average,blue_average,purple_average
20170430-DSC04672.jpg,0.008068527992720013,0.01165188348331944,0.002506875773497715,0.000805410876397698,0.004215514589353349,0.012090653017910853,0.0021987282691051245,0.0008089229931118545,0.004091252571000729,0.012230253652920636,0.0020525834598122393,0.0008585485200840401,0.003518030099178431,0.0029342032704606333,0.0028030142606557586,0.0026606641909936346,0.0020739411069070754,0.011342831216588531,0.000743946108613649,0.0017082019664067963,0.006964098357600904,0.00844196785604409,0.013906893355778625,0.0013877809916658342
20170716-DSC08368.jpg,0.004842672154830485,0.001003540076136748,0.0046840654538868225,0.005919833209635062,0.001269392805212279,0.0015921039960400448,0.004431197874836128,0.005512335142521025,0.0008172288640965761,0.0011212576998360826,0.00447407482094292,0.0054544262543455005,0.0020491583213696454,0.0065451208085173275,0.006030214158155944,0.006461237085247299,0.005195903682741121,0.0007021465443225279,0.0022640270227411124,0.0007893166547166247,1.2676122898574835e-05,0.00017751583666688464,0.004553820089551025,0.008445902449500652
20180405-DSC01342.jpg,0.006567179235708833,0.004311910851923979,0.0102013468982824,0.005928886017262978,0.0022621386655375503,0.004194255610467502,0.00949464647647662,0.004872161475962525,0.004145791253612922,0.003776476739390206,0.008524065289491019,0.004400757746957505,0.006264770479816071,0.005244862571735119,0.005409234805674521,0.006008715711680876,0.005441986340099193,0.0026812068582889636,0.009641830054025679,0.005999711085362464,0.0009391429854395744,0.000493591017474838,0.008980721712358674,0.005294457111115865
20180407-20180407-DSC01662.jpg,0.005260868146066978,0.0006908593767284769,0.0074997284082804795,0.005683069875021265,0.012071617069792156,0.001126577162359291,0.009928738336486633,0.007087027556041904,0.00695947442426672,0.0028938684203238313,0.017454887675160638,0.002291551750361916,0.002208213156944342,0.008401230844580292,0.007005282917896591,0.00505415727368809,0.009027589950196495,9.386735788392512e-05,0.0003786383905336264,0.003618659720489464,0.0012350749605740449,0.027238848544138317,0.012687361602694595,0.008222564840647536
20180407-DSC01647.jpg,0.004766062791666865,0.0016511469406727426,0.00851337795017486,0.0056806094484442215,0.00948953642332931,0.001770396598815086,0.009572906262800288,0.007388206454297062,0.005818976412815401,0.00048147499501407674,0.0014528013137780848,0.011034640129136698,0.011847199799057755,0.007322428978244436,0.006530938452037424,0.008640008116452987,0.007089665434476843,0.002247591432620372,0.010211886260101518,0.00022042368500129733,6.43152594992207e-05,0.009131194009035028,0.0005127705392949811,0.009946496383912403
20180407-DSC01675.jpg,0.007446112841449542,0.004634631387362547,0.009282767533115206,0.002902397299060867,0.007176914667072597,0.003461161065410832,0.004166631088060689,0.003667274453075609,0.013289123857601597,0.0029862683119996534,0.0033787273031936345,0.004131152832824746,0.013483201675451856,0.00576067300902275,0.007369838633093609,0.007848227406602489,0.010199580591354574,0.0031133869785969037,0.005504966710020089,0.015864817167466284,0.012182630335223868,0.008338101639993727,0.004458297124307974,0.0010092204433911338
20180407-DSC01687.jpg,0.005601744712112391,0.007757942007107685,0.006566180903285294,0.006258997155122007,0.00019231233335149797,0.0076166866887721705,0.009061816712050506,0.003467808011391421,0.0013230470195405583,0.00830163190708358,0.003313129174685352,0.0010944688949085155,0.008339342674890404,0.0037361940509312397,0.004166502446923446,0.005118869074974107,0.004755170750599642,0.002705389334561955,0.008587130501815084,0.00011332789332506946,0.08166343912327027,0.002828102798030091,5.506671294898172e-05,0.0006748878507027022
20180407-DSC01689.jpg,0.007690692616044548,0.0024000392192975117,0.004369075542789623,0.0035973311167102956,0.014715428690628961,0.0025464249300319215,0.004042078030124368,0.0032316633705898224,0.015567261692714487,0.0025244198717990418,0.003957179100091465,0.0036155881965704885,0.014228167892960329,0.008260192807921552,0.008372584746221393,0.00832786820095856,0.012930296372801749,0.0014179284895712405,0.0023979446132728075,0.021928760861593493,0.0016176952600471563,0.0027494703702300345,0.0063822569478516646,0.004998690572132924
20180407-DSC01703.jpg,0.005703550380711565,0.004848451670369224,0.006166099575346237,0.0057267951701904405,0.0056064472986785486,0.005298197832516524,0.006267803312578895,0.0071745736718447735,0.0027852634594394167,0.007245422383440453,0.011887423053443959,0.0020318404372374945,0.00028993906972728787,0.005741361546110222,0.005253246050969207,0.003509361339928274,0.007558452688039825,0.0026353738489072755,0.0012112388899362832,0.00013808534451360973,0.011694804057223875,0.029397496541745293,0.018034314512976036,0.0016087489227349825
20180408-DSC01768.jpg,0.005311909563749172,0.0028808281312956876,0.004448414005819186,0.010124670986290503,0.0056276192087140325,0.002151057043515667,0.009913839692523541,0.007666826740603017,0.0044471577633306185,0.004323028952554642,0.00961387081241904,0.003519369926105517,0.00606741847736572,0.006791937890965538,0.006186529871560275,0.005676161322407696,0.008103623994957822,0.002683569467674754,0.008011970608872307,0.006496756160008977,0.0005755660779707735,0.012048774168146988,0.013052147429650746,0.0017480624605458823
20180617-DSC02493.jpg,0.005690501675956247,0.011084422504340271,0.006306210150465683,0.0008666794036050952,0.0015427350100891163,0.009349471581287938,0.008059338133805915,0.0016926829151218629,0.0016627862206482864,0.011263719885348857,0.005638750843327982,0.0010910738637132798,0.001393279890500176,0.002683149946929821,0.0032430696790523906,0.002560139091319586,0.01653369951177494,0.0013624112007617891,0.003605922267006472,0.0019465293449229702,0.11154024298083061,0.0014457601720011747,0.0027861129134454563,0.0004399098780787213
20180618-DSC02604.jpg,0.00814861225400081,0.008128338803488745,0.00443190825833591,0.003273093759124082,0.005311364415455871,0.0078960636796633,0.004888234238156608,0.0029431858669727302,0.005811901891264888,0.008327026194637432,0.004827954079011431,0.0031628573573613864,0.0046158203368704565,0.00445453062682313,0.004567403031144672,0.0042194325842511635,0.006321462949318626,0.004726533124243209,0.003006416408333572,0.0037524867212330422,0.03689674725429044,0.010251686120665045,0.00648684066388846,0.003256353325469681
20180618-DSC02682.jpg,0.007683855661773955,0.0037535335341150776,0.009450743324518205,0.0036564282198274763,0.006829720839001118,0.007445583870451606,0.005170233720184693,0.0026208509647652092,0.005953098395162016,0.009240854617912856,0.0033142492615121453,0.0030286936119718884,0.004039942701275165,0.006169232609136737,0.004953678631664739,0.003944684433072435,0.007855236664956473,0.0002795942588495163,7.447638808336409e-05,0.00011519286139953576,0.000394653853929823,0.01832322089935353,0.036452283866436196,0.003314392342033503
20180618-DSC02700.jpg,0.005646618249761614,0.00957435743623784,0.006910720077145646,0.00182825316430385,0.0013555121724802845,0.00944413902822967,0.0071159512652044805,0.0017300935873042905,0.0014028634338819474,0.008933770768716914,0.007626018631309999,0.0019865819279454525,0.001321772044254409,0.0030371490606253193,0.0031284754302885005,0.0032323998545088907,0.006631840005866893,0.010492743394446538,0.005912256686285482,0.001104605049105775,0.007650887191326915,0.0015851988350569848,0.005094928126953441,0.0027800933137506296
20180618-DSC02825.jpg,0.005630490416082052,0.011042195288082035,0.004521099962258531,0.0020239156587639846,0.0013131487397089587,0.00906601959855616,0.006992837785043548,0.0027933172025101944,0.001278461317104016,0.011174009278928624,0.003934436467564837,0.0024552162592433474,0.0011896811616059783,0.00259961460820989,0.0033920042712712326,0.0025182939241427896,0.009582186494366922,0.0012552067919423763,0.003173429142081568,0.0004684955217065577,0.11049688707718339,0.0021389032910668713,0.0008819508303860976,0.0020223119634675277
20180618-DSC02840.jpg,0.0025244363285734394,0.015693335092003866,0.0005117513913937192,0.00011792863638160139,6.866406395019065e-05,0.01563878237182886,0.0009465519676829382,0.0001526193345896753,8.985047785859219e-05,0.015161661707384574,0.001412887263202444,0.000270187899287497,8.019571541581353e-05,0.00033451418170118427,0.000627904599522198,0.0007636966394866919,0.0026590459455317376,0.018788453584425976,0.000866680910353888,0.00012116075923782796,0.019210810291072404,3.55990930331669e-05,0.000524934597235583,0.00014766167748495425
20180622-DSC03296.jpg,0.004987970653128512,0.012303055843267227,0.0005821466262241684,0.0005378414388637109,0.0009695440358028276,0.012526197045246835,0.0005652610596400705,0.0005594925376735053,0.0009194749577951072,0.012316769644026455,0.0006096096904535837,0.0006890884528996306,0.0008893741967259747,0.0013916246781704436,0.0012062898548810758,0.0015072190470340105,0.002185597029653659,0.013612500548520489,0.0004156844573669971,0.0007413248096003583,0.000788957215982266,0.000870099389150473,0.009956949654753681,0.0008639555774052309
20180628-DSC03306.jpg,0.004700373342851682,0.004457001746798988,0.009592611165529405,0.004170563643893323,0.0013189246799641232,0.004423216287077273,0.009294742368132655,0.004224694247820448,0.0012060640285147409,0.0024357025003220174,0.009972084319512969,0.00622280068828942,0.0017661621214491896,0.004625926951725231,0.004612674998354793,0.005406650931427176,0.002251852120380448,0.0053324900188623315,0.009217869347685268,0.0001234764279302903,0.0031424517572757296,0.0024560709590113216,0.0015501132457937956,0.004884692790495023
20180628-DSC03317.jpg,0.0069690141863109085,0.009270397512360187,0.003445862434824525,0.001774240942779226,0.0018954890387118323,0.009389823368307692,0.003131643688408873,0.001912198858894238,0.0019513719686536667,0.008863134919919474,0.0034070216704269766,0.0025027895625321407,0.0017788597763900267,0.0025707208860291275,0.0025979106456308883,0.0028582727003855744,0.0026064958369803053,0.012226092332290737,0.00343730354685054,0.0015675833735920364,0.00018091222404095054,0.0019595488784873456,0.0021487117469825207,0.0020064658738587053
20180628-DSC03338.jpg,0.005628252165424572,0.005880221945234878,0.007559559127928351,0.003570828807580426,0.0015549144970108725,0.005748314639581492,0.0075929149345801625,0.003288492371261859,0.0018792382009244393,0.004580938959474527,0.0076481671308241544,0.005334091259758818,0.0015148450855002815,0.00410869442022101,0.004214193017419917,0.0047113827436510575,0.0035413011592738864,0.006607565307482484,0.007376709384098794,0.0018496287120538248,0.002059431856171686,0.0020205682819648546,0.004076998079030224,0.0034466330247792773
20180628-DSC03339.jpg,0.006097040204866873,0.007576389745582203,0.005427775942992286,0.0032362889018827186,0.001085837542570224,0.007611610513591363,0.004706029048352519,0.003664991318947417,0.001131447083450448,0.0067327389010002885,0.005271790919099615,0.004743364405098929,0.0009804204666928398,0.003348483360774935,0.0034681584087924563,0.0038129182602187513,0.003369691870558968,0.008641651035949384,0.006360159398584693,0.0002738550203347571,0.00360042781038553,0.0025657726551322406,0.0044335839265180355,0.002449251925736288
20180628-DSC03353.jpg,0.0045629005938582,0.005321360779906444,0.008821945472834332,0.004477968559341349,0.00018395732299937538,0.004867975885041389,0.009100616291133741,0.004701526420880083,1.5466647401264712e-05,0.003618244538671527,0.01013892855727791,0.005945694126944966,1.744999363214461e-05,0.004071188196900331,0.004214274517925966,0.0046189311104005695,0.0028701244179488534,0.005682140080932837,0.008822136561950605,3.5434393414859895e-06,0.004352583379242901,0.0003562040985534245,0.002102796392335221,0.0052302949195148435
20180831-GOPR0522.jpg,0.005248097241198022,0.002322318331427867,0.006889381848460042,0.01015483659721286,0.005075560919062514,0.0023605327016690044,0.00649432974964579,0.0101306401555885,0.005245879354717686,0.0023417924268611993,0.006415136592348354,0.011146067453491438,0.004804122475602008,0.006748838717045421,0.006755624522832512,0.006689286082702047,0.006615205981050814,0.003250998895927637,0.007369842067986331,0.005721551097055814,0.0,0.0,0.0,0.012302073680608407
20180831-GOPR0528.jpg,0.005724651974061787,0.0022495280801858373,0.005689378442711385,0.009970515497641193,0.009166760407202415,0.002286544667343896,0.005363137142086701,0.009946758247202554,0.009474365481297134,0.0022683917837189207,0.005297737973939417,0.010943754458175355,0.008676526674185572,0.0073747816633101876,0.00738219684067441,0.0073097056266510085,0.0087701441548848,0.003149100278834676,0.006037641858232683,0.01115064411723407,0.0,0.0,0.0,0.012887782054403009
20180831-GOPR0550.jpg,0.005344997944064578,0.0024162884318284735,0.007362389710906958,0.01117635103585521,0.00580048554966147,0.0024560491052442054,0.006940214315267887,0.011149720580227136,0.005995129972339634,0.0024365505254782074,0.006855583952299807,0.01226729365234018,0.00549027850180555,0.0068173984842894815,0.00682425322538305,0.006757240869604965,0.005937970829921931,0.003382547051285283,0.008062534549028917,0.005512332761901935,0.0,0.0,0.0,0.014048426717104023
20180831-GOPR0559.jpg,0.005968118987412647,0.0019836653883818405,0.009585508882550227,0.0066553679712447215,0.010128773166068118,0.0020163071337275552,0.009035855011484774,0.006639509890116261,0.010468660092510417,0.002000299666533275,0.008925669986266371,0.007305009748326252,0.009587091474880795,0.00714150986559443,0.0071486904934040885,0.007078492249747249,0.008449551704786206,0.002776920760709906,0.009956504863207644,0.014127086539880438,0.0,0.0,0.0,0.007975611855099991
20180831-GOPR0589.jpg,0.006549317824445414,0.003929567629882084,0.011086213954109546,0.0064473096133631,0.005670217993889643,0.003994229717875668,0.010450506399090833,0.006431947283383636,0.005860491083690617,0.003962519518518732,0.010323070831602717,0.007076642460580066,0.005366977589353737,0.005939945686850732,0.005945918168859382,0.00588753083025991,0.01554164260691451,0.005500977128473586,0.011491532288873996,0.00791349469917793,0.0,0.0,0.0,0.0071271044061490246
20180831-GOPR0593.jpg,0.005767003764059675,0.0019256785672016944,0.007582780141497978,0.0071661915830290865,0.010098089096359442,0.0019573661238715084,0.0071479670805242425,0.007149116336702096,0.010436946370545439,0.0019418265894965323,0.007060803338739229,0.007865695720894966,0.009558048373777082,0.007369886253724818,0.007377296508864627,0.0073048534147992375,0.006831068203014896,0.002695745372700502,0.008029291615652377,0.013797158146106728,0.0,0.0,0.0,0.008768232895550437
20180831-GOPR0610.jpg,0.006228664555585909,0.0023702653165777166,0.008240520580815706,0.006106755331588175,0.011420318516333737,0.002409268667303427,0.007767991256359557,0.00609220445748198,0.011803545279917737,0.002390141477546989,0.0076732668156297736,0.00670284609666019,0.010809565629839096,0.007214615592769437,0.007221869726746205,0.0071509528824369095,0.008329317284988274,0.003318119580321228,0.00850421036924337,0.015362425851006303,0.0,0.0,0.0,0.007982820378740535
20180831-GOPR0669.jpg,0.007372474763698884,0.005200848187005776,0.006572718350799266,0.005158741255136238,0.009355150200482495,0.005286429537114651,0.006195824423809488,0.005146449262011569,0.009669076990619347,0.005244460560278372,0.006120271300223671,0.0056622947552537875,0.008854841476136173,0.006207526647977191,0.006213768176633813,0.006152750622035119,0.0118066185336539,0.0072806348229819354,0.006752177724958669,0.013251779315530296,0.0,0.0,0.0,0.0063748583337429774
20180831-GOPR0687.jpg,0.006347392571297788,0.00913441331901352,0.008477165720905466,0.0038978624594986446,0.0024559415641161875,0.0092847225370843,0.00799106665081422,0.003888574825910633,0.002538354548992359,0.009211011102484746,0.00789362198405908,0.004278339437773746,0.002324599045323843,0.0038165636919222402,0.0038204011610148167,0.0037828858354016525,0.017368870894284592,0.012787208029659408,0.008654434140788158,0.003226658972637266,0.0,0.0,0.0,0.004286367239186547
20180831-GOPR0747.jpg,0.005521212538756949,0.01262693991678848,0.005962748347955633,0.0025217341586411196,0.0005950395224840929,0.012834719595595937,0.0056208314240029245,0.002515725495401924,0.0006150070102630024,0.012732824725792808,0.005552289880184994,0.0027678849150267843,0.0005632171083004802,0.002262691090354456,0.0022649661754378415,0.0022427248086302302,0.00341351303948696,0.017676374152885598,0.006113507473822298,0.0008425770346432584,0.0,0.0,0.0,0.0025223320650281187
20180831-GOPR0775.jpg,0.00554667058203028,0.013600297123849638,0.00473206600851341,0.002037022312085506,0.0007002616598999091,0.013824093656240058,0.004460719079353333,0.0020321685962240983,0.0007237600421211742,0.01371434414338493,0.004406324177750104,0.002235859521462294,0.000662812018764795,0.001911638814407371,0.0019135609243100525,0.0018947702638190346,0.002512641571486283,0.019038970814452414,0.004973799021441939,0.001024955370925443,0.0,0.0,0.0,0.0019340459883005752
20180901-GOPR0795.jpg,0.006817028648661943,0.00291860855844584,0.009028277776291307,0.005368697656377293,0.0106748593884609,0.0029666350441054632,0.008510576745537846,0.005355905389539929,0.011033071097644249,0.0029430829213402533,0.008406797068668492,0.00589274535759705,0.010103973280941026,0.007008035928798668,0.00701508235156199,0.006946196104403562,0.015501497195433901,0.004085741852331882,0.009583531762149867,0.015715137938089742,0.0,0.0,0.0,0.005925741081679221
20180901-GOPR0854.jpg,0.0053869424038447645,0.012274387877734935,0.006755181125893227,0.0018877330004441265,0.001248299345978223,0.012476366218298906,0.006367824387603122,0.001883235003759457,0.0012901879953761415,0.012377316316821827,0.00629017386202003,0.0020719978264255837,0.001181540925214813,0.0027371892798543967,0.002739941462212627,0.002713035964129119,0.004598459751862688,0.017182838760166456,0.006831856326682464,0.0016960175083202832,0.0,0.0,0.0,0.0019198098324533794
20180902-20180902-DSC03657.jpg,0.003870121348605446,0.012285458769788996,0.0012093231909245752,0.0003133255609889759,0.0007938044342530752,0.012487619284847363,0.001139977976037656,0.00031257898436282214,0.0008204417915056199,0.012388480045247834,0.0011260768563452217,0.00034390980142848335,0.0007513521726249159,0.002345496682389269,0.002347855026636074,0.0023247997133052194,0.0005230736879504906,0.017198336832656185,0.001204420837210567,0.0011949782937142883,0.0,0.0,0.0,0.0003395693996995665
20180902-DSC03484.jpg,0.005968782167555161,0.002547503271054036,0.0018857450402582293,0.0064960104378325185,0.008273058683680475,0.0012325328050894868,0.0032644003676405554,0.0046815002955918434,0.011711302843483326,0.0006779612620249967,0.003375084586035194,0.003945300594818896,0.012757328349912174,0.007637268295899957,0.008398885461574012,0.008879711607538586,0.0015150922027128632,0.0016831858218407708,0.006425738819021638,0.017500098882161447,5.134706003616259e-05,1.865221940360541e-07,2.0273429901003143e-05,0.002795867046785896
20180902-DSC03506.jpg,0.006232499911152144,0.00927910676771177,0.0056642223446776215,0.0010472200382139396,0.0007136669405939837,0.006785037060879816,0.007449509323859307,0.0023404930029965005,0.0014650340860178305,0.005156318219557941,0.0068582721606841104,0.0038480192337776386,0.002957031367727995,0.002453289862037498,0.003536728812197492,0.0047289881492592455,0.0009584980572771628,0.009340725381719057,0.010381618332797922,0.002246447294098394,2.284038734259337e-05,0.0,1.9254095436706894e-06,1.9852834869501076e-05
20180902-DSC03512.jpg,0.005227339889646989,0.00640113564081713,0.011062574543899023,0.000658535126065228,0.00029716182946052945,0.005160098935181213,0.010506472450139484,0.0020453764881943576,0.0007515006803500481,0.004052874856393329,0.008732528057785415,0.004227576862756095,0.0018199507986291247,0.002895760182630235,0.003799350197225004,0.004807448035188181,0.0009135198138293553,0.007091069689703592,0.01307404961936398,0.0011522083592065276,3.6509570560411396e-05,2.131682217554904e-07,2.9606003218559897e-05,9.822404860263402e-06
20180902-DSC03633.jpg,0.004666378110091675,0.013399828728346247,0.0002807127662919416,4.065562010638728e-05,9.129712016227862e-06,0.011634464707198254,0.00266909551703057,0.0006485737300062516,0.00018471798747578597,0.00945078150281024,0.0026896401474649826,0.0020181917259677593,0.0020480909015464024,0.0001435170383267066,0.0011686359209806018,0.0025494878892750386,0.0010785494635034744,0.01597473901270118,0.003461275110841389,0.00027980737677242877,0.00020270113575140405,2.478080577907576e-06,5.760372317123016e-05,2.5044419022163317e-05
20180902-DSC03635.jpg,0.006185704360853549,0.008665461390975333,0.005635865512341017,0.0014925494377808109,0.001225862416769706,0.00880805387944844,0.005312692759217621,0.0014889930649138513,0.0012669981596919384,0.008738126718470704,0.005247908719975294,0.001638239724678745,0.0011603039116880327,0.0026564178528505756,0.0026590888213526495,0.002632977274747195,0.0008924089776907665,0.012130725160940064,0.005615119642785271,0.001666737509551162,0.0,0.0,0.0,0.001607636440416555
20180902-DSC03657.jpg,0.0034504856343203294,0.013416095221145763,0.0002604937486207293,8.527916624813378e-05,4.4785601265427115e-05,0.01322184967533088,0.0005046706114910293,0.00029083856041177576,0.0002307327838072026,0.012540938704834645,0.0008631583884977719,0.00032123339357141757,0.0007828271345433214,0.0001353242092812387,0.00046521455126189955,0.000855664751851449,0.0005048300356810937,0.018192261604367238,0.0008502959079220009,0.0003520748896579983,6.174498573176775e-05,2.851124965979684e-06,2.4622590282000466e-05,1.9979458873224543e-05
20180902-DSC03681.jpg,0.004017017754511146,0.011316346748702783,0.004055236222454883,0.0009612847582119276,0.0008298525775094163,0.011502560265850593,0.0038227001813256668,0.0009589942565072674,0.0008576995869492957,0.011411241412177028,0.0037760854099126244,0.0010551173969637396,0.0007854724793226626,0.0029927085752492876,0.0029957176765214384,0.002966300523886619,0.0007821625233619,0.015841682980363522,0.004014000457459809,0.0010756669611503061,0.0,0.0,0.0,0.0010742418693031352
20180902-GOPR0969.jpg,0.0058727689715889556,0.003547149526676452,0.00796280981042218,0.007990848462873882,0.005182803164615111,0.003605518822340473,0.007506205023917401,0.007971808264982947,0.005356720282620852,0.0035768945997200446,0.007414672856922291,0.008770848760113603,0.004905629459836654,0.006242839565446477,0.006249116600448675,0.006187751933708235,0.009446140678410552,0.004965632419490537,0.008372026849925152,0.006343191580477296,0.0,0.0,0.0,0.009541625176578304
20180902-IMG_4613.jpg,0.00796883429638654,0.005555606340344808,0.0026854683796634043,0.006006174655294237,0.007676440338817636,0.0035955421181788853,0.002910658639765047,0.004697303012356259,0.012779444108016147,0.002419729423749946,0.0029654347438778294,0.0031840505823983118,0.015598679254535158,0.005995380486054894,0.007586403696336849,0.008707980164343774,0.0007819439452589656,0.004950416569964984,0.008822688311882166,0.01959540605522497,9.813772566638583e-06,4.796284989498534e-07,3.397781547654158e-07,2.3063657821060474e-05
20180902-IMG_4614.jpg,0.007918841615402766,0.00501832247035171,0.0027548280828076405,0.006254271573918478,0.0077728073420222235,0.0033769621319907654,0.0027019593028207657,0.0047360227853357395,0.012865331637556328,0.0024643843374539767,0.0025994195885381496,0.00310599915815229,0.015542421588894505,0.006231671244603361,0.00768835706675204,0.008728731506162574,0.0007317161625967676,0.004649276603679178,0.008663873005688789,0.019726995094279186,1.057317163429514e-05,6.661506929859075e-07,3.6243003174977684e-07,2.2349136657192326e-05
20180903-DSC03714.jpg,0.006183057714137809,0.005791078799850558,0.011931207810059474,0.0008793564586353865,0.0009872543042252846,0.003219969558405781,0.006828213192318342,0.007059528647037157,0.0021371339041519493,0.00242909255081692,0.0037732608431320152,0.006088705529388715,0.0078292552280529,0.003296805439170776,0.005570405833010139,0.007248955630749602,0.0007871931536901521,0.004431819778027284,0.015734282356352523,0.003276997569247236,1.3143445401748101e-05,5.32920554388726e-08,2.8541365000294926e-06,1.3729659832301883e-05
20180903-DSC03729.jpg,0.00400868735789987,0.012341464120174866,0.003121824696367989,0.0008457853048952803,0.000707224168526678,0.012544546218276423,0.002942812496789298,0.0008437700095667216,0.0007309561886840169,0.012444955035615197,0.002906927251977421,0.0009283438457416479,0.0006694021759343815,0.0025523396423911163,0.0025549059625896145,0.0025298174640110763,0.0007868295303465894,0.01727673837210343,0.003142521293236812,0.0009962037797774208,0.0,0.0,0.0,0.0008665332803381729
20180903-DSC03733.jpg,0.0032574682605846835,0.01195598164934553,0.0017595670732805607,0.0006266042567098176,0.00034513449453398454,0.012152720530127399,0.0016586696806560957,0.0006251112151257496,0.0003567160257454204,0.01205624005254875,0.0016384435304622514,0.0006877681629903722,0.00032667687546985614,0.002284259167202711,0.0022865559385030635,0.0022641025659512473,0.0006317116703762619,0.016737103874064952,0.001779265444478168,0.00048717628525246187,0.0,0.0,0.0,0.0006485229242131369
20181015-DSC04033.jpg,0.007349864180655219,0.008151638365590037,0.00442231651534341,0.002651988360542006,0.0017827062053083558,0.007876121981086791,0.003498351476384624,0.002616900285574105,0.003278199498994141,0.006737925794592601,0.0036567620732600678,0.002295649793067276,0.005161244020813053,0.0032796069339803076,0.0038209212827069404,0.004669246803820996,0.0011890549933092755,0.009962406127199244,0.00659295845899397,0.005020789343075097,1.974437575907048e-05,1.159102205795479e-05,0.0026272553001541322,0.00013416717651671024
20181015-DSC04040.jpg,0.008427128491099873,0.006994476702001763,0.004185472636849225,0.003185690034053866,0.0033047302038203795,0.006928299956495949,0.0030854391578919635,0.0031384522769330424,0.004665038837501645,0.0065753837673952036,0.0022287292881822893,0.0026678943876782177,0.006378863736053475,0.003907562152943723,0.004314866321900396,0.004914825931331826,0.0010069122757798432,0.008492959851396547,0.00576716615963968,0.00713163791675917,9.656051221817605e-05,2.9790258990329784e-05,0.003282777968204557,0.0010322027000669433
20181225-DSC04177.jpg,0.004554037207021763,0.002015368921090247,0.008615142473156352,0.010486158421165355,0.0012345606493780778,0.0026258287221912254,0.011916095175653434,0.007581158561062586,0.00012174663734206536,0.0019663496183282723,0.003366279729588054,0.009716579280764184,0.0076521377926866314,0.006072553874428683,0.005222053206360426,0.007272282915776062,0.003152097174276917,0.002650500999786946,0.01544250516933033,4.6624201861657754e-08,2.3950278287629875e-06,0.00015923666165135132,0.0029146849672086897,0.00552788846198008
20181225-DSC04201.jpg,0.004008389713211773,0.0017426459626700235,0.005610071359429889,0.007512447805760335,0.00903283508281399,0.0012461044014783133,0.005924414712540081,0.012560136428251255,0.003002536408548795,0.005073961036752342,0.009398151829464112,0.006876207020394681,0.0007543687938645154,0.007321339278689507,0.0068965459195277105,0.004717777626920654,0.004236063120671966,0.0012719547089877258,0.006172012671922446,5.1737322665819556e-05,0.0011442391490197414,0.04436587596711091,0.005304435337181797,0.0001403898418425493
20181225-DSC04214.jpg,0.006893586674486109,0.008994863630255062,0.0006378038393791194,0.00799160611804205,0.001469206996450366,0.009145312148122113,0.003161776220474531,0.006182898649011094,0.001210077653921622,0.011248356689882265,0.004973019932909332,0.0022672121201516285,0.0007789101678875954,0.003537829976050144,0.0032850596767429597,0.002048513227259167,0.0008721608768200471,0.012268974095818503,1.6365297077188485e-05,0.00022245960848258972,0.001470255010295991,0.02180473758911964,0.007111330260470309,0.0009097301547512651
20190112-DSC04345.jpg,0.0017691749656218766,0.01596304552360605,0.00012879294598325733,6.404919978335748e-05,3.616581945848373e-05,0.016224738095122114,0.00011976103876619271,7.143170837248818e-05,3.097383647330601e-05,0.01393666032731076,0.002650953322456089,0.0008169422413202062,0.0002659731742176084,0.000266808633988812,0.00022038308433272686,0.0011152608713645424,0.0018112293350542605,0.021973646148621743,0.00010859620974399247,2.724407528782868e-05,0.0005890015999370049,3.8183757721952216e-05,0.0008495586462984613,7.826267887279854e-05
20190112-DSC04359.jpg,0.0020858463788700115,0.015936848636477083,0.00010428536274287951,4.774789735069077e-05,0.00012420723136148453,0.01617193884739371,0.00013774590083679501,5.2364031882090164e-05,0.00012868939846255443,0.014112695247917948,0.002825511549497728,0.0004451177389531193,0.00022087236620771977,0.00026539158206873053,0.00023873906720395176,0.001122257987692241,0.00138725953455788,0.022244870480705215,0.00015530775305702715,0.0001914855970458284,0.0001504778460217916,1.0391950810580156e-06,1.939000669861306e-05,4.7556357969857244e-05
20190112-DSC04374.jpg,0.0013962455932310625,0.01608176672866654,8.765409626733503e-06,2.1284642610932824e-05,2.6477145482078656e-07,0.016345787601308046,8.992431035301149e-06,2.156899408476571e-05,1.418958477180249e-07,0.01256317903581445,0.004818467430582765,0.0009970589342007717,0.0002002201131058465,0.00015006051025938301,0.00017080632844854998,0.0017959144903071727,0.001067788758863863,0.02248197808817681,1.0739418310737777e-05,1.3987260558497326e-07,0.0001128583845163437,1.065841108777452e-07,4.063746730994373e-05,2.3325950400201946e-05
20190422-DSC04751.jpg,0.006830307405512311,0.004573989164914491,0.006058257841155757,0.007067313678144023,0.005074246868138589,0.004892654176145316,0.005622261141656563,0.006893841681276907,0.005117980518835275,0.0051352511836572495,0.005388211769887959,0.007602812282663884,0.004375493084145196,0.005987738166407328,0.005880224693108226,0.0056381231588403915,0.006513814760807421,0.0020193536897370715,0.004633733862730824,0.00425080619073044,0.003935089137970485,0.004987789990718122,0.01393507229074717,0.008425353182610671
20190422-DSC04760.jpg,0.006645263175903026,0.003013540593795993,0.00742773280629861,0.005799756581797311,0.008038333885806758,0.0031837688765800195,0.007280980122921405,0.005709440527410529,0.007911767864555467,0.003419022519273172,0.007726310231792521,0.007199618034985265,0.005326415636070507,0.006739178279292293,0.0065783889525879505,0.006124437791602786,0.006173105552925126,0.0009326581979457361,0.002974680934591474,0.005865122555988479,0.004387340490416413,0.010514815644394477,0.010376303853365158,0.009702645686456084
20190422-DSC04799.jpg,0.007089328558088023,0.004806869584137031,0.0070619704628289,0.0028417380203392137,0.00936321102032926,0.005104823076032415,0.006489537730475663,0.0037292151806694687,0.008307555925511816,0.00536937582746345,0.007971453408693034,0.003354376554003728,0.006443308047642826,0.006094428955159044,0.005954200609980055,0.005468106055294159,0.009233427094406046,0.0029903377662174953,0.004049105546855368,0.008928581280709322,0.0028024746362171784,0.00893406669596664,0.012489248286589373,0.004860136778344365
20190423-DSC05082.jpg,0.005822478139307485,0.011952076308652162,0.003709096681443111,0.0008514481914614918,0.0021580442583922672,0.012244905510775403,0.003880086089906207,0.0005197753545629378,0.0020983862023072346,0.012542024874041546,0.0033207360252220956,0.0005256554234178741,0.0018295297313037915,0.0030808163237357787,0.0029834995261839537,0.002833716653045,0.004564082571407896,0.015050241090176672,0.002810525477274775,0.002213064365565447,0.00904082114639,0.002086543846598179,0.0033317513262447456,0.0007631990487281274
20190423-DSC05096.jpg,0.006072344921985095,0.008168515427878487,0.006243534333659731,0.0045917496194930775,0.0018889972348936337,0.008433927473388898,0.006335000042299923,0.004226681275815975,0.0017241967164571088,0.00880781579945678,0.007575877701011464,0.002926396863937669,0.0014847995379538707,0.0041667015907597225,0.004035647985593127,0.0036653456356012413,0.0047437006018386475,0.008409631505346165,0.0037287161848108073,0.0022209283142794467,0.008517595188774632,0.004450073151339898,0.008291221228831708,0.004996212359488622
20190423-DSC05160.jpg,0.003980937031748651,0.0006967289079475658,0.007491119897394081,0.01168510476496365,0.004534299420957576,0.0008096587236488545,0.008804428093908509,0.0117556550271294,0.0025913019710265706,0.0031196115552233053,0.012627985503777849,0.008224737416413325,2.383594874858902e-05,0.007136253956072705,0.006661015708930657,0.005001236693445077,0.0018603585027412866,0.0005149440204299752,0.001740150315401444,1.8012483319220447e-05,0.0011664369679204715,0.03357463443115501,0.014181502060460035,0.005859326791726261
20190423-DSC05185.jpg,0.007583033327937566,0.004791346142885368,0.004021136896222006,0.004829817370736608,0.009423157238970721,0.005055782656984611,0.0035683583408041833,0.005493719417496276,0.008767977545103724,0.005910473961027459,0.0053985068288090075,0.00604934545813284,0.0048087263037092124,0.006664244298070065,0.006529019987626888,0.005522966218585321,0.006085459174340317,0.0009277555818823888,0.001467221300148465,0.004042800084824965,0.014684090864084566,0.030141560219782832,0.01573924898879756,0.0017548911121752552
20190425-DSC05686.jpg,0.007834254854878016,0.01003192742738798,0.00226087946848397,0.0042614119661713995,0.002865140944366624,0.010210178945538249,0.002342952269931166,0.004121625936852531,0.0028894656887529175,0.010325321966109849,0.0035608729010011162,0.0033767014561057315,0.0023984923428267703,0.0033116244350262325,0.0032377165386013296,0.002956130213557743,0.007632050811701086,0.012402433303819262,0.0015004248228156084,0.0028980515979163024,0.004813480197997534,0.00695242826049988,0.003984669028441969,0.0036127637176644693
20190713-DSC05725.jpg,0.007317689590100523,0.009785827602721073,0.004839750843963554,0.0022287090696322593,0.0034183858023897466,0.009887265116533525,0.00453500523661206,0.0020701169348053155,0.003863611089590241,0.009484551490879338,0.004635513422282902,0.00221456341669218,0.00397613884157976,0.0035065480479811303,0.0035981161920415603,0.0038010052653189167,0.0024588235509857897,0.013590317823536495,0.005324357281530058,0.005630447406618134,0.00017945184121853408,1.2816739333048861e-05,2.6344132932811904e-05,0.0018334341727705844
20190713-DSC05727.jpg,0.006628606530759991,0.008476340371822879,0.007193179649413321,0.0016549610244997563,0.002956683223283366,0.008564280373302976,0.006795211364823657,0.0016638281517201694,0.003113549638552761,0.008253189922134098,0.006703505380877636,0.0019470160972231997,0.0031222215468084615,0.003697229535347612,0.0037262744434036063,0.003824480942376686,0.0021552681111303724,0.01179113836342064,0.00739930157326074,0.004425693571913519,2.1847327023350178e-05,1.0258720671982976e-05,2.944744007966937e-06,0.0015710963707706396
20190713-DSC05728.jpg,0.007117177299874656,0.009215515379430373,0.002153382911522227,0.004036443057371368,0.0027303526611624864,0.009300595098693493,0.0020692845907811846,0.0040553916703350065,0.002859566206555191,0.008672102732508982,0.002455532260779745,0.0045894991908037456,0.0029748062282628656,0.0037741301577560527,0.0038287072147800217,0.004062386968125412,0.00496964106463205,0.012621494768610311,0.002175362779274755,0.0010758223751565117,4.451246842725357e-05,7.194427484247801e-07,0.0005314130340531103,0.006525106758732568
20190804-DSC06087.jpg,0.0034459137533470025,0.013192021978796615,0.003882250131277176,0.0006269401244647791,0.0005281111825155052,0.013898930647198635,0.0028972291539425903,0.0005982434797195819,0.0005169569794898471,0.014276706798159976,0.0021504108692758156,0.0005986057275599433,0.000435962101546915,0.0022054002078401476,0.002120883946114319,0.0020269945190140117,0.0016017708982892342,0.013482855382292696,0.0008193979117545938,0.0003307365466059796,0.0008024511532613941,0.0008396696254948767,0.0187131006586894,0.0013352139409772055
20190804-DSC06089.jpg,0.003023346289903638,0.003280457381981828,0.019879018100905598,0.0024289253059794303,0.00014261375064661847,0.00475718411693709,0.01761370736771764,0.0014335510877053585,0.00012845628385558912,0.007815457923361574,0.012642371314588053,0.0011849773401815,0.00012769125659436883,0.0043875627884516506,0.0038630473598449894,0.0033605367141961977,0.0020934002543839085,0.002481046268584241,0.0017306030710499717,0.00010742216108925947,7.623198333013899e-05,0.00033667256023507767,0.03130321775349013,0.00822518776643895
20190804-DSC06090.jpg,0.0035214000879958724,0.006167552490673364,0.014635326219990736,0.0021435704991885278,0.00028082445006306905,0.008262689992981647,0.011208522978806675,0.0015033386278148822,0.00032496176210966533,0.010137234633180097,0.008210236440394453,0.0012566416476587072,0.0003544947642547165,0.003749506461269662,0.0034065690152187073,0.0030864127569645273,0.003261112785601213,0.005330853125670128,0.002508107398715339,0.0004105571801931376,0.00030843285209435545,0.00020893150334810003,0.029563100563551516,0.00463696197178175
20190804-DSC06092.jpg,0.002870389820424533,0.0027742434348501303,0.019525054542709103,0.003487541415227994,7.207667381232523e-06,0.003358045036247755,0.018761553720911185,0.002487307098932581,0.0,0.004280592844396259,0.01813934838530036,0.0016818693048619615,0.0,0.004627665156826916,0.004383824294970336,0.004067721165541626,0.001095831106879635,0.0012814857816635095,0.005050206534285766,0.0,6.542515044425722e-06,1.6547183213769943e-05,0.016233512944596316,0.012722447283826935
20190804-DSC06099.jpg,0.0035513932634121167,0.006942768378396501,0.013082729505044514,0.0023890820171873686,0.0003293168516959872,0.007494103205772661,0.012662388070609437,0.001626316180071303,0.0002293847732538814,0.007885135387564688,0.012124297067597104,0.0014928792349938485,0.00017670903125998355,0.003888285002290851,0.003617869815206438,0.003376474881848044,0.005956106354047888,0.006748192978773237,0.00298290792017814,1.59299356360664e-05,0.0005728789735775273,0.0006382523019636577,0.013951426945929879,0.009091585378201705
20190804-DSC06103.jpg,0.005238266038701152,0.010942246214761493,0.005486163194229072,0.0015674713797712945,0.00167376746117487,0.011181701497386197,0.0051799755204729354,0.0015310167589525586,0.0016610327933871995,0.011019349238970608,0.005289614909473803,0.001691702892692606,0.001466235714940951,0.0032141290789452813,0.0031775409511148054,0.003149090807519192,0.008026516157214872,0.012947567117902481,0.0033464421563352887,0.0014134282208367755,0.0001490758785122718,0.0017015886841354826,0.007697017191777948,0.003192923744175918
20190824-DSC06269.jpg,0.005176849991739309,0.0007678544933188232,0.004292017341452934,0.00554491106456175,0.015121274299118333,0.0007866197970785213,0.004038666427999133,0.006698279165183928,0.014108146690630038,0.0007894068693662088,0.004081966512481682,0.01033881305371319,0.009602917133999309,0.00869549899137353,0.008610750976409471,0.008201844256254828,0.002998628684387873,0.0009102174405373551,0.004110931097222229,0.00721543714890519,0.0004272495985261583,0.027929833334958742,0.00038716588141669915,0.006589341306907145
20190824-DSC06287.jpg,0.005738282486629913,0.001676013247122995,0.0028211230305573267,0.007750554611393978,0.01218502750960706,0.0016927317040360593,0.002924719173379454,0.007667457914201596,0.012424005144900187,0.0017301746123293657,0.005404331280308332,0.008330326315909591,0.009013859184064844,0.008142941709230977,0.0080442896158655,0.007469895721536298,0.0016083358433967795,0.0016065260012581338,0.0020139956296479082,0.004751363621917198,0.0054372389091080515,0.026192085991207984,0.0003284522162732353,0.009004856980222823
20190824-DSC06300.jpg,0.002872207558735075,2.0793923160855114e-06,0.0009054835503072067,0.014379373408240696,0.008508479732416868,2.113609273669707e-06,0.0012641662094692546,0.014397685372646919,0.008303542300104935,2.102637716032666e-06,0.003824054345755726,0.014226192358746705,0.006898149557193881,0.008501107901335856,0.008386462892916453,0.00795424690595994,0.0008472711861254403,2.870610721302065e-06,0.0003980580175890981,0.006324868269145665,3.504918773799494e-07,0.00866406249708559,0.0,0.01829385822480111
20190824-DSC06318.jpg,0.0058058451195447044,0.002417584451970078,0.005430558280654233,0.011149325397897843,0.0042090718172860435,0.002443203513148828,0.004917232856221105,0.01140327314472287,0.004217529740052077,0.0025688831085842077,0.0064663781297027816,0.012281199562942888,0.0023840589704342253,0.006707608076363782,0.006716847758832124,0.006247872639277487,0.0025824246248806948,0.002744666707661568,0.0021561993218303654,0.00241620601307669,0.007083499257161674,0.011816154346156307,0.0005986438049426939,0.01347358991848625
20190824-DSC06325.jpg,0.0039252084538282895,0.00039048222853117146,0.005328595019268316,0.01341624528281549,0.004668675837454215,0.00039684916946982387,0.0055445831025161,0.013237409076326218,0.00448037152711433,0.0003943084640624132,0.007510863965630204,0.013012957385182638,0.0038433425336568375,0.007649575636184853,0.0075642870717044005,0.007213253749951288,0.0012979991559851087,0.0005379814778197505,0.0016657330433821759,0.0045119172625563446,5.502722474865205e-05,0.0019060703008544368,1.3568474313632271e-05,0.019642747558180452
20190824-DSC06345.jpg,0.0019196847329435386,4.729033494477022e-05,0.00018203391853704434,0.017226625908463696,0.005535106101129614,4.844907684104384e-05,0.00022115267071356302,0.01707309778848927,0.005815550641634779,4.843617655800111e-05,0.0008245884421142829,0.018420847706882335,0.005141185810047593,0.00862687669315038,0.008608069262242047,0.008443541831805276,0.0004598707723951367,6.015380893515002e-05,9.39452785255823e-05,0.002028230487985215,9.755357253741925e-06,6.45899711919136e-05,1.909553229781637e-05,0.023919147679359622
20191228-DSC06364.jpg,0.007784939217463519,0.004330930667513216,0.000923171268301009,0.011343464771143617,0.0049336826446792865,0.004414422267329207,0.0008698402204739,0.010033283576074388,0.006747482027775991,0.004644906774852063,0.0006368521500582854,0.00587029185582856,0.011562737057119278,0.006469447140645212,0.006570974672851484,0.006730136326257325,0.007090372389269748,7.700655165290653e-05,0.01176807723671417,0.010339398546241845,0.011750590681040183,5.11603732213177e-06,0.013558711354652012,0.001142944435894812
20191229-DSC06365.jpg,0.007236186147381219,0.0038740634072843,0.0004667632925815702,0.011026600882410512,0.000592499677787849,0.00393848546886013,0.0004263220840716182,0.010942906031092827,0.0006999620813753226,0.003986374582330186,0.00028309951050062895,0.002632083667217362,0.010831285302764213,0.0062699729138558395,0.00644300107194962,0.006740940746039429,0.008378595369328553,5.2437026743335193e-05,0.01399858545111296,0.0010630007196445557,0.0199870329688432,1.2949969471646043e-05,0.007734460744433097,8.621285739229351e-05
20191229-DSC06369.jpg,0.0054806656203336985,0.0014248215033219617,0.0011604440033521103,0.008969621776977875,0.012639081135574173,0.0014522135074644482,0.0009958328561856084,0.007038286928151655,0.015641473221071015,0.0015525423840649707,0.0006736591771752563,0.0020645304724582854,0.02058962804493919,0.008290722530443216,0.008496354574551043,0.009196256210787658,0.0045032933116267776,8.503781086194263e-05,0.00947471879350419,0.023984126635062192,0.007954471572450848,1.598761663166178e-07,0.003083826532650914,7.033963406838718e-05
20191229-DSC06399.jpg,0.0030523848764737647,0.014847563867771777,0.001802620087628574,0.00023132696351023358,0.00015597980593997892,0.015211341489187501,0.0014759912050080425,0.00023963557626040458,0.0001723933195597061,0.015211352496502418,0.0011313461343738752,0.00030076889997791427,0.00023598331814023648,0.00098155989005464,0.0009492760362216601,0.0008578604239677128,0.0020584820661990765,0.006576077288194044,0.0013235692643956607,0.00026420381054939395,0.042155761043750795,2.131682217554904e-07,0.0249690054367223,4.243713039075128e-05
20191231-DSC06485.jpg,0.005717727579537615,0.0023891238496604426,0.00564969352132257,0.012586339492939668,0.006164212884133982,0.002812364986620912,0.004697431022187187,0.01137473786425379,0.007889206424768301,0.0034814801528657117,0.003203302226346912,0.007622745230969245,0.012785666025741394,0.007043610232891986,0.007124969733657862,0.007594338795132087,0.00385378182485834,3.3705485435513013e-06,0.01521522360823666,0.012096649173007104,0.00012109494363477251,6.395046652664712e-07,0.015745500906845244,0.0015794897333031668
20191231-DSC06489.jpg,0.0058800231803660535,0.002103861176359005,0.0066704035065320395,0.01100134831376422,0.002501325352742506,0.0028380503159383327,0.005095829241464975,0.009669883428626002,0.004297336018975772,0.0038262139956398962,0.003217629597844415,0.003887739384099675,0.011360419232012971,0.006632370412917509,0.0067171351028683995,0.007147427960782259,0.002793383735283717,1.782036430920664e-06,0.01291904729930478,0.006589134245297541,7.851018053310866e-05,2.66460277194363e-07,0.017920511483006607,0.0012535685922906512
20200101-DSC06559.jpg,0.004437979056555905,0.012318746327114919,0.0050843141404822365,0.0009729776426114015,0.0004534358259058648,0.012451570829728293,0.004809481445745479,0.0009971841553546071,0.0005379474295344207,0.012496661336576863,0.004091404461483097,0.0012005207532041315,0.0007791143699407375,0.002237121397004924,0.002254490677031296,0.0022193989483032493,0.0040245496631030695,0.00013166104454331493,0.0055608313905906245,0.0008243003475134886,0.05514195242318109,6.128586375470349e-07,0.02751564270668909,2.7585943668327234e-05
20200101-DSC06560.jpg,0.006824881885098943,0.008220788240256537,0.00548757528289209,0.005743432340378068,0.002468660400297764,0.008315003286223305,0.004870042313529273,0.005621200899875888,0.0030750857284034825,0.00833324117352184,0.003564281860908748,0.0051690893143459295,0.004968746458080581,0.004402189135962274,0.004483223832629377,0.004741476101960135,0.00337492212951061,0.00010244693599478297,0.011653165460789275,0.004710007954865907,0.011695329795039944,9.006357369169469e-06,0.028013644222190267,2.8228108258639115e-05
20200101-DSC06606.jpg,0.006596884382116705,0.001694376412507152,0.003436343911244182,0.005066424487789958,0.0041821337733455735,0.001757609555453051,0.003043306857657488,0.004731955222144898,0.004882078672004059,0.001948471389350514,0.002444117115031904,0.003252611351257652,0.006794424196109192,0.006787171426505705,0.006940035099216355,0.0073176850390447865,0.0067571608184921516,5.23322010709281e-06,0.008176983249118395,0.007486059557910872,0.0030840948596919677,0.0,0.007143269407018258,0.0001572579680528543
Allen.jpg,0.004808023706712035,0.0011110233465471515,0.0016276047727425298,0.009117801943940079,0.0113643830949153,0.0011293055333330586,0.0015373704628970225,0.009093847908856412,0.011745449065694899,0.0011203341655906427,0.001512828227808752,0.010010138026107772,0.010756714425721313,0.008477968910110288,0.008477974457576436,0.008411593412051149,0.005521740515302178,0.0015553065650173734,0.001803936548560817,0.014811436574805851,5.841531289665823e-08,5.872784509363761e-05,0.0,0.012151192135600198
Aria.jpg,0.004979575650984866,0.0008184972003632105,0.0026326458037505118,0.0076556133890321836,0.013940815283675302,0.0008367023835798251,0.002485618371520829,0.007629930358019432,0.01440605702291403,0.0008050140172749927,0.002472986135506819,0.008411481278773478,0.013197931407212319,0.008770352401465176,0.008770767591303708,0.008705423017534958,0.006331491269134242,0.0011522841086651304,0.0027335760671767365,0.018881014492900028,5.841531289665823e-07,8.153684482147508e-05,0.0,0.010466550211776384
China.jpg,0.005247903474981256,0.0032171655183553804,0.013133763435317584,0.0046086992248016,0.004881846277635484,0.0032178910783721166,0.011991387065330584,0.005627715234794553,0.004196458206665951,0.001284665177364113,0.007525639371858424,0.012879779570569534,0.003767240141215373,0.005775880852482197,0.005796950941147725,0.006956043928586946,0.0039107743689850046,0.004326994105620187,0.01584162727607315,0.0038027476108399095,0.0007217796061511091,0.009638587668868534,0.0001749630978272048,0.001185381566285563
DSC04508.jpg,0.007475765209076876,0.004927497378828064,0.0009165292216268136,0.0057041748674376835,0.011004254690958316,0.005086192869082784,0.0011473139066190859,0.008122806808109605,0.007784314987051598,0.009545516367861323,0.0013072971650349176,0.004257300532336605,0.004838864670370688,0.006930938524872849,0.006280558522677349,0.003873359603078185,0.006762522652814395,0.0030112948371856527,0.00011680348997595996,6.0098596199676847e-05,0.004475080290387194,0.0470493441266799,0.01117127147613131,0.000640844082844478
DSC04518.jpg,0.007275633631121051,0.003036091344259912,0.0016010679657938152,0.005566515953171599,0.01375536739544879,0.0029616935310113435,0.007006987059753699,0.0035539281423975014,0.011381526757968942,0.007762938447592603,0.002786922123343338,0.004122853867680837,0.006422962097620667,0.007983614025934362,0.00720020359411713,0.004681418398186256,0.006224176296795118,0.002418481469183728,0.0016649251238395333,0.0007507428983764132,0.0076247755464621085,0.0397445487956182,0.014325658605588508,0.0002150256474658399
DSC04555.jpg,0.006592917109968763,0.00796128468728068,0.003929539411614243,0.0007256540009113732,0.009264990616940926,0.00797050839410848,0.0037825201851975397,0.005670689585364453,0.003271945946276854,0.01157466050648802,0.003998807370506372,0.0015701247679965568,0.0019405785205670776,0.0049444000798814945,0.004546385979386338,0.0024668536997726575,0.011809932088022971,0.008543026205240828,0.0034489888221868104,0.0010011770279759976,0.009145442971787916,0.023514533249792708,0.004199929815424352,0.0008784811595466517
DSC04743.jpg,0.0022169088192620237,0.013418053651581966,0.004482304133731616,0.00020607439486394153,0.00010912506478687825,0.015773959687370373,0.0007786340942934881,0.00012229183279129807,6.789716313307491e-05,0.014318469132906592,0.002949548990708266,0.00016416176092517824,7.801446621179545e-05,0.0021348359908599564,0.0015916934510266272,0.0018705920859190678,0.007231022493884633,0.004396977337221817,0.00010890164274182079,3.00570688001487e-05,0.0011830269167831225,9.8510364478756e-05,0.047311593692738886,0.0011274239508669924
DSC04824.jpg,0.007128059977283379,0.006269448474251072,0.004758247178317364,0.0019778861545782134,0.009796210412463032,0.006265370213477113,0.004494884401214428,0.003260822032390832,0.008625990478626451,0.010043864740126989,0.0049167623545479594,0.002568624018461974,0.002430997596922393,0.005988146907346341,0.005468648917552596,0.0030331612834500997,0.016286828760630815,0.005847675944690169,0.005933518764005273,0.0022055423276650995,0.0043611120149258135,0.023360652439712963,0.006891131364305335,0.0006385558062057611
DSC06649.jpg,0.007930436130427975,0.0029996011771618466,0.004118016638421058,0.0069350286479573225,0.009739676803683704,0.002911728041976725,0.003377811488000242,0.007376182986857469,0.010226910109669678,0.002697904908546179,0.003310850041489964,0.008193444830901684,0.00961064896628419,0.007399027939918448,0.007630385355071373,0.007682817793634292,0.0018109251329208034,0.0035886827043172097,0.012647891765974676,0.015651604692352925,0.0027704630447498097,5.1187019249037134e-05,0.00017056863369223872,2.530671160130479e-05
DSC06651.jpg,0.006710117543631377,0.003939152418840439,0.005436112496062103,0.008850412156600606,0.0044996731984771245,0.0040390429183761335,0.00497803036692688,0.008984678253102233,0.004538335980907144,0.00416138141764528,0.00506337685023247,0.008769828536092813,0.004977842731356912,0.006068753366987559,0.006078656005403156,0.00595124846370873,0.0043414764933405615,0.0019412343732539974,0.005479783266715277,0.005101977619916864,0.003309169060282792,0.004272663898783891,0.01065757220987997,0.00888927639853838
DSC06658.jpg,0.005993542349436738,0.007401755351568129,0.00436604216714314,0.00815786846762602,0.0004773927393920567,0.007540544061060053,0.004345434535861292,0.007926644287484644,0.0005033045718558343,0.007256057548241711,0.005577204507167055,0.007880699015318356,0.0005054464910842738,0.004187545034951576,0.004194246019484321,0.004214355811392244,0.002287818846422908,0.007524185177549934,0.0047658090025982005,0.00033878699212742583,0.000986342558260074,0.0007018030780745133,0.009747374488894374,0.007989649030369908
DSC06675.jpg,0.005989833384774021,0.003751811267349123,0.00782649618481885,0.006719260953467632,0.005253193146196726,0.0036564093813619054,0.007690392098193087,0.006423445920469446,0.005744024998967201,0.0036535305169171028,0.007137397797920986,0.0075931330144330235,0.005086849500088777,0.005896743985652555,0.005873856110721954,0.0058496249555844,0.0028029842548277346,0.0019329128275675262,0.005405927597304919,0.002983793505139891,0.0012325631021194885,0.00811057120929746,0.011753447366506372,0.008780361666192806
DSC06700.jpg,0.007879796046100519,0.006862680093734859,0.00539341511885885,0.00394466524060863,0.005721534624373983,0.006882883704042055,0.004726419780129934,0.004131685753096546,0.006186273814633508,0.006561600454411376,0.0038071361647284228,0.0049784617420578926,0.0064441527015899145,0.0046380082087918075,0.004716464283653085,0.004958362077423922,0.0016437918028173848,0.007958115080235747,0.007850830070824493,0.009025388665174744,0.0004479286192915753,8.939742299870878e-05,0.0041404686383404036,0.002145616609379103
DSC06705.jpg,0.007270529790259164,0.005745418570239451,0.004162377142271865,0.010079242919712454,0.0010759527415902482,0.005641908171604557,0.003983084921698702,0.010099845117791176,0.0013358277812528746,0.005437415325268993,0.003953438984078521,0.007417054351080124,0.005461049762471708,0.00520203541027995,0.00546103711739862,0.0056451722247100435,0.002871874769018002,0.007748141194891068,0.016703982861070697,0.0020446422070405186,0.0001244830317827787,2.5313726333464485e-06,1.784967906367651e-05,4.23376401021114e-05
DSC06722.jpg,0.008287743603658493,0.005354982422424425,0.0007201024586430087,0.002580760963856099,0.014381993171857984,0.0053983454408991285,0.0007009166146660279,0.0026096223085238265,0.0148738166849165,0.005260671780901153,0.0008248903785632446,0.0028701902363721028,0.013647602892054274,0.006516565991946358,0.006591256001893328,0.006616505384438597,0.0012963883553455274,0.007125887939969273,0.0012456641445947399,0.014087067433282516,0.00010269412007232517,0.008938916273011577,0.0009078645776562067,0.004537146078560878
DSC06729.jpg,0.0064402369643294715,0.0037420306353471476,0.006477941051720708,0.0074696129506857094,0.005592090802017154,0.003720227500705395,0.005973912523721234,0.007811949914676239,0.005591922785631172,0.0036549419560469257,0.005911487115709411,0.009613150855664887,0.00406588564393572,0.006070437027580778,0.00610405501790712,0.005994205452190064,0.004662938501233886,0.0027172991436500535,0.007875511027584492,0.0012410740879548472,0.0036687153111617235,0.006825246770195011,0.005867696910274918,0.009056899445753169
DSC06734.jpg,0.004958190696518172,0.006429532882142065,0.013004855430258082,0.0041794211795706795,0.0016793766934769991,0.005527632753866371,0.013148186409072431,0.004770051613792449,0.0017851004413812239,0.0037446293289012363,0.015313340101644665,0.005683222207646641,0.0017267696890157739,0.004551687855414456,0.004829360066498915,0.005040824755987812,0.0032495729443790186,0.006476500962920563,0.010149420285706952,0.002283202706566001,0.0023452579821750348,0.0008325284900660677,0.002750957200365728,0.008075029787166305
DSC06739.jpg,0.005720624708759574,0.007277135814840955,0.008335925474855607,0.002998767912100753,0.0034448335288212897,0.00550613365898295,0.009803534510514864,0.0037583192966039337,0.003836346815992992,0.002997292639030123,0.013388728996764916,0.004427797970164003,0.003605094429109025,0.0046024073139657945,0.004984064879249206,0.005336922467810405,0.004768576884375465,0.007269950667909674,0.011697610888311972,0.004110886960943605,0.006880622875471579,0.0033467410815611995,0.00024303198816520973,0.001700858840872112
DSC06743.jpg,0.006217138645856476,0.005927039952839152,0.008870646841834418,0.004592561950807403,0.002799212852116248,0.005823918618946857,0.008892153597111442,0.0041298701549673,0.003283115176575801,0.005493779956198223,0.009385343880096868,0.004237847689452793,0.0032182522032542958,0.0045380546768478275,0.004565588913154981,0.004590081278766914,0.003378882097288707,0.005062233308370309,0.007484300620753157,0.004993343229579202,0.0008936958720059743,0.00044498866291458624,0.009072552421653274,0.005510269636319129
DSC06746.jpg,0.006563855650922906,0.0043796149441214,0.006180461040044931,0.009734666035756012,0.0019418044306051129,0.003951863854428926,0.00577400841537727,0.008885108669859771,0.004000560853473523,0.0038988421227152343,0.00610005129802869,0.009273253363830773,0.003864421754688008,0.005380724383124895,0.005738226124956504,0.005700580893763732,0.0008214406458614852,0.004271178466820038,0.006473534156843095,0.005497226520498758,0.004820139543667753,0.0009209400100391574,0.003291634852105442,0.008978446830874785
DSC06749.jpg,0.006198696954360079,0.004580469265622514,0.00842574477373957,0.0072542201783410915,0.0026089990777029594,0.00458015616680225,0.007783767451158331,0.007262065241781099,0.002958143279048442,0.004411299077887649,0.007457129017600479,0.008157093991841585,0.002960651313215514,0.0051865691732748695,0.005291995856147421,0.005362230102734036,0.0029666210073615077,0.0056276307312811465,0.012567277159902697,0.00433771370300057,0.0001556183935566975,6.485643146910795e-05,0.0019296907484207338,0.004094423338685157
DSC06754.jpg,0.008579737523589074,0.01087366082886778,0.0036100517366274313,0.0009847876901812108,0.004280962170444977,0.010234418121142107,0.0037905759046666637,0.0015105776435319154,0.004755659607104993,0.008768039934596582,0.0041440972417696315,0.0024683162786027415,0.0053147204275723675,0.0032294115700236474,0.0036208383562690775,0.004286398641182668,0.0014091489174065464,0.01385451077205543,0.005338338230688715,0.00638322622847584,2.803935019039595e-05,0.0015685983597877762,0.0006981988042889608,0.00031326778521186297
DSC06756.jpg,0.008716442589185405,0.011698908854146371,0.0022380977713872805,0.0006045697698087381,0.004639590202824642,0.011358536236701007,0.0025736791188632354,0.0008111749581734503,0.004970277076778505,0.009996224313201851,0.0032289278649668515,0.0016932718086237375,0.005063301290596888,0.0030153505688069637,0.0032865258044521882,0.003909883779067134,0.0022183292081035914,0.015548945194896809,0.00336446270320716,0.005541333015459886,0.00038355494447945795,0.003576722946807654,0.0001192847841996453,0.00020909240843422592
DSC06771.jpg,0.006068149424680931,0.005222264199834601,0.008534130423563211,0.008029965340009864,0.0004408248595762525,0.005086099191109436,0.007074154209109479,0.008855046105127464,0.0007397334604071462,0.0048095630565484545,0.006297585914847766,0.009995752010083517,0.0014386127462977262,0.004856462393870243,0.005093223809836465,0.005264502689803351,0.0024825983516728934,0.0024966491667463746,0.017991786906688397,0.0011048692529163245,0.00012284740302167225,4.6550610425855215e-05,0.012689808005408906,0.00022307531627397472
DSC06786.jpg,0.005507291385865846,0.00477213624434203,0.011471714159113439,0.00571236847848314,0.0011017140235092928,0.004499680932822776,0.010967551463377152,0.006013268796326389,0.0011792457132960342,0.0041740030523329565,0.007758987547478532,0.009194130275697366,0.0016823186148113374,0.004730983892929575,0.0049408493424150214,0.00533853391538074,0.0028070641017585844,0.0026079498403029262,0.010924067336941023,0.0012932465698380423,0.002313363221333459,0.0011312038147732292,0.011913913263063586,0.005838307207108165
DSC07680.jpg,0.006341168070352984,0.005072599793882109,0.007226065625387606,0.005891479722413892,0.0046067683487770435,0.003076566145829625,0.007449972749581522,0.007136905854862924,0.006066929271284955,0.002106169218052964,0.005381880844345216,0.006706335434277516,0.010192624817739226,0.005374149372629914,0.006387922773645009,0.0076174799995074,0.0028249094477388295,0.004088757606291901,0.016006492126159,0.009289623558525379,0.002220424458514876,2.0357565177649332e-05,5.923465831410415e-05,0.00022379888200953742
DSC07681.jpg,0.00639367656760279,0.0034503281819643155,0.00631254885957523,0.00655984093303125,0.007385956633828698,0.0021108047893425943,0.005993021439671249,0.006742554824284232,0.009749329227921584,0.0013301681162243336,0.004091599259192105,0.005199061609948313,0.014294153001859752,0.00658637444443036,0.007459610064056007,0.008653146446419832,0.002566712427615451,0.0027897014292303096,0.014342030078154886,0.014938301028071421,0.0015055378592855725,1.742650212851134e-05,6.156780164349334e-05,3.226198723440106e-05
DSC07848.jpg,0.007247495291088345,0.008423174745569502,0.005501026734896839,0.0007918824356629694,0.002644429420898052,0.006918633560621078,0.00440324442967705,0.0030131526292151837,0.0034901513538140934,0.008047892325246876,0.003533026568498491,0.002825617591967987,0.002612041280855893,0.003395498717779257,0.004564046582719247,0.003719547138188455,0.016242212995234522,0.0001397245578053994,0.004474879145828049,0.0027088661281623157,0.07819251806157664,0.004558362607991687,0.003575893256382189,0.00041598698594668017
DSC07876.jpg,0.005087664283160144,0.002753679915270005,0.0041142929083171,0.008565002673663547,0.0033958508096794443,0.0030281639079752557,0.005101133986966063,0.009376309782620385,0.0007743661826680384,0.0035683794978092604,0.008764718379198908,0.005843997510687682,0.0010986256097276067,0.006503106099583915,0.00568821754954489,0.004887042597802484,0.0059297724674943954,0.00047903719587391315,0.002135124444980211,0.0008484361426772068,0.0021538894171255823,0.0066211648438918485,0.013208037647057119,0.010085502406285687
DSC07890.jpg,0.004130670979101357,0.007366739767386734,0.011126055774238695,0.0001168741678485827,1.686692230710196e-05,0.007431906886342763,0.010427887279798091,0.00022999654241544245,2.8825127922147345e-05,0.007364355007400355,0.00992837171361168,0.0005396384938204731,8.463246911590137e-05,0.002578565133976415,0.0026024826016338687,0.0026158283614620185,0.0021174814355841565,0.006193116852837867,0.005708030390189177,4.3096303920792316e-05,0.0067177025678027994,1.9718060512382864e-06,0.012662965531182438,0.003030338523394983
DSC07899.jpg,0.0076839752320678545,0.00533700518303799,0.004620814341699642,0.0047204807001796035,0.0037914880076329494,0.0056365333978837025,0.004973544011530978,0.0039252374404947455,0.0039370320553666245,0.00556809251680298,0.004551029655886341,0.0039608697277748245,0.004375585903260261,0.005137539704470504,0.004833258650713195,0.0049394019129335364,0.005631201762634585,0.0016095256281916292,0.002206418418279751,0.005260779651457671,0.00047368977227900156,0.0002686718974950762,0.019017564537236197,0.006688442678964149
DSC08485.jpg,0.006364692258683279,0.001622242811470202,0.010037115756815405,0.0043321238449078306,0.004119598678256975,0.0023022415827530607,0.008564728534184638,0.004139135160013105,0.004286369497030707,0.0020049696132838006,0.008266406359786772,0.0047161527156704495,0.004380477470624165,0.0062868100145235025,0.0060417854165936615,0.006272470960847681,0.02679054439169403,0.0011796677997031693,0.009979175873788385,0.0041561901437525165,0.0020574457355331996,0.00372532784339895,0.005182251112728153,0.003487279329974511
DSC08486.jpg,0.00667973848807977,0.002226320679516839,0.012523929411382242,0.004343746431405103,0.0062680915515753366,0.0025842532666446086,0.011226507840877276,0.004317523520411422,0.006538317412821928,0.002300680631960428,0.010672128846373294,0.00497215178508897,0.006565736460413032,0.006386499548022465,0.006311773975213222,0.00649482635409017,0.027816462597534522,0.0021883568641970995,0.013345855429399138,0.006323127632276163,0.002667827339990381,0.005909076399117633,0.0032744194255973275,0.0030241610809276166
DSC08589-3-1.jpg,0.005522923205252243,0.010248633515243296,0.006196966787528207,0.0021586533046497065,0.001446014978278101,0.01036012225162878,0.006131802653291714,0.001957238160126155,0.0015504857925971638,0.01155515592789565,0.004618234865493935,0.0017776589097719792,0.0011567582214925649,0.0031170770637307804,0.0031118933911681683,0.0026345516909241787,0.00975210909249346,0.003624694354545679,0.0015070753800263865,0.0008902891345483548,0.040055321637925655,0.0032197461134503657,0.022262989560293545,0.0031329582338411603
DSC08593.jpg,0.004509126489654203,4.608071614593931e-08,0.008030192589438191,0.006016383472869462,0.008054151528644755,1.053877200167721e-07,0.007557112832508695,0.006033692327213734,0.00829612317435282,1.0455104665355799e-07,0.0074325650264946315,0.006665363580535014,0.00759925874283433,0.00794285748277596,0.00793518541360867,0.007858482126967761,0.014229676619410157,4.8381079572506714e-08,0.00844771511732248,0.005849270327355515,0.0,0.010344840633572194,2.7182252381233262e-06,0.0066673688269158855
DSC08596.jpg,0.004142972860463294,1.7280268554727242e-07,0.006280185879402063,0.006410770325974497,0.009199454778697692,1.756462000279535e-07,0.005926376876768179,0.006477983994746641,0.009394376764854944,1.7425174442259664e-07,0.005849317426879661,0.007159657831952455,0.008572801313100882,0.00800537798945172,0.007976419604201392,0.007894807734479389,0.009631241276852153,2.419053978625336e-07,0.006464607631164629,0.0014554210853135086,0.0,0.01947225090667106,1.698890773827079e-06,0.007946931518256626
DSC08599.jpg,0.003210534432130169,0.0,0.0006497386035606266,0.013983510299189435,0.009248780720095788,0.0,0.0006508863569104161,0.01396784056748148,0.00949670394189503,0.0,0.0006453745498273644,0.015346792705885215,0.008717506313486592,0.00879611262902276,0.008792408432907805,0.008702142607870013,0.005995757945877397,0.0,0.0024464000804766688,0.0062814300544112205,0.0,0.011525526121820416,0.0,0.015470794150929753
DSC08600.jpg,0.00363398581759619,0.0,0.002123321112873979,0.011202978319033437,0.007080390762265153,0.0,0.002045206173469556,0.011201617076110278,0.0072401748173060556,0.0,0.0019807420647302656,0.012351715046732818,0.006638562338092717,0.008409720098167234,0.008393764463375681,0.008314137190590246,0.00770916213534627,0.0,0.003348176227548766,0.0042271210961847185,0.0,0.009982374718504702,0.0,0.012416858339983732
DSC08609.jpg,0.0027475489219800178,1.8432286458375725e-06,0.0016432005075318612,0.005168754800760905,0.0172119391254338,8.202677541305428e-06,0.0016110748729725446,0.00650749330854686,0.015957404326015195,9.6477382495311e-06,0.001590873929922615,0.0077307775241287485,0.013993530451988529,0.009166265838447322,0.009001260341980625,0.00887461209016375,0.002850157569838003,0.0,8.578726168036131e-05,1.3396687334916329e-05,0.0,0.02532294585905541,0.0002881318752410726,0.014486699527706034
DSC08611.jpg,0.004490617401468809,2.200354195968602e-06,0.003671210865610141,0.011338918840134604,0.013869748663931368,3.553908113898926e-06,0.004116798032740061,0.010960212655320524,0.014115910420583752,4.338868436122656e-06,0.004361842120898237,0.011854968828341042,0.012865212007351757,0.008965793886696707,0.008841780031476476,0.008698103240895034,0.004539736973847941,7.982878129463608e-07,0.001120278972647539,0.00013309655491441235,3.504918773799494e-07,0.035633279886730936,4.85656242544701e-05,0.0158787314680683
DSC08621.jpg,0.0011184545490846417,0.0,4.958000194596278e-06,0.01192114949879939,0.00814466414079275,0.0,1.7580597078883715e-05,0.016276042417484027,0.0027033388782176453,0.0,2.170046478343774e-05,0.018326841350680925,0.0020174977212211107,0.009067442215483648,0.008886811649209318,0.008723993752510482,0.0010745287563872772,0.0,1.2217319913132885e-06,7.4909550991063465e-06,0.0,0.004072845336915838,0.0,0.019932354743839413
DSC08632.jpg,0.001139623817051882,0.0,5.006115808299111e-05,0.017675563933676898,0.0008979478731492512,0.0,8.057691493473793e-05,0.018026193299143154,0.00038291608048478433,0.0,0.00012182648721330306,0.019912012279656367,0.00022490071580152335,0.00854542658327496,0.008327516659662372,0.008080791543530292,0.0008025245178918699,0.0,0.0,0.0,0.0,0.0006160028688179283,0.0,0.02112972941219193
DSC08634.jpg,0.0020141100413600004,0.0,0.0009921021148883286,0.015418782568432274,0.003289932421400951,0.0,0.00125856566031569,0.015802966116949268,0.0025204554013444997,2.3233565923012883e-08,0.00149308548000084,0.017770707806305824,0.0016545749813185288,0.00815816781633778,0.007925723151978278,0.00768552423856284,0.0033213987753344387,0.0,0.0,0.0,0.0,0.005675577258212212,4.032034103216267e-06,0.019818239382769484
DSC08658.jpg,0.0011800575227311288,0.0,2.614979005588754e-07,0.001006775311814156,0.026149623192465343,0.0,6.093555241026436e-06,0.001338820502052,0.026586092528498462,0.0,1.396699573583919e-05,0.001810991943325201,0.02397378513445995,0.01051586698809221,0.010288960212389753,0.010027461305851705,0.0008596120526210672,0.0,1.8424506643192335e-06,1.8416559735354815e-05,0.0,0.06886186235589362,0.0,0.0018978043895205793
DSC08666.jpg,0.001727886613032565,0.0,2.614979005588754e-07,0.007374695160957983,0.01387710342656528,0.0,4.930060874616858e-07,0.009154136675920658,0.012005138737854273,0.0,1.7239597247165528e-06,0.012643413383567908,0.008208718334259993,0.009479095985307466,0.009251093984501612,0.008903360329810718,0.003487447570396183,0.0,0.0,0.0,0.0,0.031555131990298926,0.0,0.010627932504521946
DSC08673-2-1.jpg,0.006953362836262051,0.006841408083143989,0.00578551553087285,0.0041496226799153735,0.005132830004105232,0.008707642801765792,0.00509730825972736,0.003933193344743497,0.002904354617345616,0.008127757708107232,0.002971307894804406,0.004260764150020633,0.00551494982258972,0.004978729909134512,0.004008641821432379,0.004731764318520393,0.002214583038528811,0.0025295079832893686,0.0008422167124955743,0.0004885128457058295,0.00738877768235961,9.957620558753346e-05,0.02342983304751195,0.010856561187816366
DSC08735.jpg,0.00419040879461112,0.0005075848484370398,0.01946840363753203,0.005077359717021263,0.0019232508160673008,0.000552079426181195,0.018776146701100054,0.004518392570092451,0.002200591754334989,0.0006940505064266831,0.01840247139074227,0.004781464199623239,0.0021248244639703066,0.005818682417512778,0.005581301905428525,0.005443880603674773,0.0015764430748003327,0.0,0.0031548272872460887,0.0033692513233308363,1.1683062579331646e-07,2.6113107165047573e-06,0.005613361635494513,0.018185178651319595
DSC09902-1.jpg,0.007227798711940651,0.011318166936990547,0.003022371814827437,0.00140248220330497,0.0035507617234499613,0.011002876101137737,0.0033851276983381732,0.0015587572282234278,0.0037794769873111464,0.006308743748079746,0.008475054185904727,0.003739095316263831,0.003741594219723024,0.002898740063554581,0.0030775481252866155,0.004658087736722343,0.0035220160697729905,0.012341715048955766,0.003369487568655303,0.0037881542356572105,0.01160309201597612,0.0037705461524388337,0.005368540149047539,0.0009233241460081489
DSC09906-1.jpg,0.006142782186166672,0.00921493361038903,0.007675496837120133,0.0021372593097464605,0.0018465651576710582,0.007835776048940372,0.008257516720843763,0.0028957699244128317,0.00251458699449959,0.005997954145119083,0.00981797985191712,0.0035043409117488304,0.0032126180829698744,0.0034229846226400454,0.004014086110448432,0.004543702846847759,0.0025785359626481286,0.00934309605461811,0.010378445770691448,0.002965796563221291,0.00623472476077323,0.0015430981112602756,0.0023247394830279906,0.0011338817750568893
DSC09915-1.jpg,0.005958737755520559,0.009114627411518358,0.006124458649661242,0.003091920443395426,0.0022729060380335957,0.009993390550590415,0.006105308506151523,0.0027063087531061145,0.0012382541151113443,0.00949103365577186,0.005783534240547821,0.0032672202733704837,0.0017320789423974688,0.00340867872449587,0.0029445333995203127,0.0032590610359873834,0.004395862607436716,0.008148051135124146,0.003201381187721534,0.0008854246761541218,0.0015803678751061918,0.0029127838741224597,0.018326614333582233,0.004139845177735105
Digital_Monster.jpg,0.0022828000447724147,0.01526658157977632,0.0013392039681741573,8.4005993130489e-05,6.203497122949243e-05,0.015902948401797568,0.0005894380781691916,9.568903445120048e-05,7.36844866364315e-05,0.015514997777941755,0.0009261657074762543,0.00015051304965544335,0.00010896035917433276,0.0004622403259583935,0.0004230997346809194,0.0005864427718590143,0.003563533233931559,0.019654781322277805,0.0004456661545409192,9.746012329148526e-05,0.002441234341264244,2.0037812845016097e-05,0.005737879003277545,9.650557998067266e-05
Dunyeng.jpg,0.0072071178931745385,0.0029060803637436625,0.0033113060751129497,0.00614234169185805,0.011670478509388488,0.0029844338590416294,0.0031191410540308442,0.006092313549215068,0.012057630066092248,0.0029005538789181784,0.0030865112599114536,0.006776850918067447,0.01105329006217572,0.007596909490939135,0.007584142312149897,0.007550244381848455,0.002742382934574051,0.004110254932648619,0.003436121225568624,0.016460767715661993,0.0,3.3547348898770304e-05,0.0,0.007947175721692378
Ellie.jpg,0.004630462700860437,0.00047474657809353974,0.0006290488896684083,0.0007350426762942507,0.014794016780959842,0.0004812061844699157,0.000605529796863941,0.0007602524956214474,0.015244823649610665,0.00045680675639531783,0.0006117524652526665,0.0007904078434685546,0.014030825172421484,0.009947491062664625,0.009953440417075937,0.009878914103896989,0.002253739119714375,0.0006627320914974591,0.0006751251573287835,0.02235681765888537,0.0,2.728553238470277e-05,0.0,0.00140201714751303
Fiona.jpg,0.00484083682678575,0.0010134301498395703,0.001430906051942144,0.008408269595266858,0.0023960934089765113,0.0010403114586522288,0.001335021044359248,0.008385873730183915,0.002476123084350311,0.0010012389066692787,0.0013636034428235414,0.009231501338778255,0.002268591991293864,0.00714759161895189,0.007151090386287128,0.0071025243618129015,0.006846423637539419,0.0014327492269469518,0.0020333955513486815,0.002969479875168362,0.0,1.3589474136912513e-06,0.0,0.009572584745488692
Fire.jpg,0.0062039813741697186,0.012654951232115692,0.0008131747914099237,0.000495178423105577,0.00020742391897663988,0.011117737006209352,0.0021789291446326635,0.001138263143036935,0.0009461412417484017,0.010096477150159652,0.0013583049451385367,0.001161203548503752,0.0032128130031115103,0.0006012960651165547,0.0015059657536418373,0.0025662055519851887,0.001273394430350038,0.015244015377377823,0.003556767259710811,0.0014359632517365766,0.0002452858988530679,2.2089556979412693e-05,9.076607107633474e-05,5.767723369604025e-05
Fire1.jpg,0.005510087296845687,0.009902452135196927,0.002485673523720401,0.0014339444199790387,0.0021468650191887226,0.010065399637728541,0.0023431396122444016,0.0014305276882454999,0.0022189064541083083,0.00998549040574542,0.0023145668986564527,0.00157391417150235,0.00203205175846324,0.0037029659318293853,0.0037066780616037986,0.0036702794666491,0.0011579058232676566,0.013862380760999224,0.0026015698960508054,0.0030431771969110224,0.0,6.874675151614565e-06,0.0,0.001628303286738564
Hao.jpg,0.00617549288945686,0.0020442500099347146,0.002028041737826347,0.008064911208281905,0.01190697825664452,0.0020778886914573557,0.0019117494255936774,0.008045694537349908,0.012306535653825052,0.0020613923281278374,0.0018884371703170523,0.008852140895955077,0.011270199052170181,0.008054641010433662,0.008062739771105405,0.007983565806095173,0.005321364110736234,0.00286173279320051,0.0020983444004352716,0.015826896149952138,0.0,0.0,0.0,0.0109374106141938
IMG_1568.jpg,0.0064087056469447614,0.0046580979920598665,0.0026453650616336953,0.010214941303594925,0.0014275103954911814,0.004558803443752185,0.0026675967785246865,0.010120673846544274,0.0016921687965436119,0.00454841777557379,0.002560450306851195,0.010820024432393436,0.0019206595384742148,0.005499358626229644,0.005733731493673081,0.005791832443883242,0.011118873672314405,0.004483402072364839,0.015336904173500525,0.002564564223400485,0.013517186573660921,4.945502744727377e-05,5.486284605612247e-05,1.4643161573449768e-05
IMG_1682.jpg,0.005553857825486029,0.0016714109355979194,0.0021284987713050445,0.0073069982811381825,0.002172459593154732,0.0015305692772969184,0.0021334345428816993,0.006903956043387466,0.0029078412010324016,0.0015484590848540013,0.00202669484428514,0.006777853995466039,0.0035776199710499034,0.006685072672031508,0.006935977584171409,0.0070173696439255915,0.008093355523379201,0.0008499991234961085,0.010743576140579183,0.004458796755235295,0.009736956430179477,0.0,1.1280634738211805e-05,6.9824093481798775e-06
IMG_1864.jpg,0.005191500588832836,0.0009184635539523076,0.0026279493014564744,0.008154650385880808,0.016582763697978183,0.0008294189211519992,0.0023879637257164183,0.007820295432257447,0.017820942764931406,0.0008351479522771403,0.002241410619038679,0.007944578756317598,0.01712655614379051,0.008887433578317675,0.009085859064740005,0.009187645970284914,0.01470917885646844,0.0006529994309901232,0.012207329298300694,0.027293698980010106,0.0038465899389320476,5.092055897184277e-05,1.4044163730303852e-05,1.0735906601411288e-05
IMG_2049.jpg,0.0057670634654686794,0.004870478252686983,0.010451474870124976,0.0037084408565783763,0.0026995705279520255,0.004417794674369744,0.010328388791226575,0.003702363029796599,0.00321943434720349,0.00447546437857553,0.009907265381840715,0.003818818536174173,0.003357109599390936,0.004894464033320242,0.00512283710743997,0.005123420766144785,0.012135098895389546,0.0029322562801907008,0.014662596788391734,0.004926561831112688,0.024742273099882767,1.4868483467445456e-05,2.1428675627205558e-05,8.40240710422164e-06
IMG_2067.jpg,0.006434671253740868,0.0037438393034558756,0.008445210677457172,0.007524906156206,0.0071095058159452605,0.00347806993960019,0.007822290946832587,0.007550745344331068,0.008000391956873068,0.0034490286696627435,0.007432126731649364,0.008014065442775638,0.00792765277193288,0.006436081816276475,0.006656010251256728,0.006701982116073538,0.034968434390048264,0.002961131721182225,0.01718527629690669,0.01224528712854207,0.014029956190267787,2.536701838890336e-05,1.2073450432664442e-05,4.2536620679391144e-05
IMG_2282.jpg,0.006471271939520048,0.008319723537821868,0.0030976309106082816,0.014997588781954497,0.0024420263532128287,0.006590655266182214,0.005944539221030267,0.014976019611077997,0.0026267657975383826,0.004669191659633092,0.008425614527358618,0.016899179293217777,0.002502041347592837,0.005546370583026221,0.005840667256485764,0.006107032543314175,0.009017096599359871,0.008534107959572964,0.00647276564800985,0.003841212577375777,0.002442052155644797,0.0002334991409054203,0.0006250785453834433,0.016904241185081288
IMG_2289.jpg,0.005053315669152894,0.0030586190543657583,0.011276291548067781,0.008222901838040194,0.004745567429204207,0.00310979255200158,0.013119956880504376,0.008019941096074564,0.0025820584700895106,0.0030856324650608987,0.015963048900497448,0.006252224291981462,0.002286032703014502,0.006193502898967064,0.005718242531081141,0.005381802265546223,0.013668592537450945,0.004274621586982948,0.011947208763601806,0.0032968905620415433,6.192023167045772e-06,0.001966370261583521,3.13501977463557e-05,0.010090142271564984
IMG_2299.jpg,0.0032362292989934287,0.00045658501584252143,0.0007082722936217253,0.026270919679335338,0.00232885126580221,0.0004984663510593292,0.028754816694124805,0.003982939175031483,0.002384752293837597,0.0004850064970343747,0.029419898656102294,0.0034941129516076284,0.002192600981790477,0.007532373250934916,0.005860676143317626,0.0056862003543915645,0.0030805237337217855,0.0004513551548451772,0.0006102058662742411,0.003011224077235166,4.381148467249367e-05,0.00040198197417541605,0.0006453293234074621,0.030677848591246906
IMG_2300.jpg,0.007215436864408108,0.005021358037527824,0.00849010463702512,0.005185626297289203,0.007829389982552443,0.005103985829145616,0.008003263621418023,0.0051732702438178416,0.008092117487005076,0.00506346527334662,0.007905670222361195,0.00569180409205682,0.007410678146757584,0.006015313635503531,0.006021361898292189,0.00596223372228956,0.011508284160579954,0.007029367686222122,0.009110051499451871,0.0107932229857626,0.0,0.0,0.0,0.0059230096210274715
IMG_2302.jpg,0.005464243607341089,0.003962014214138344,0.00891330237937358,0.006258622232976933,0.005137586083941828,0.004043615574450194,0.008418729711443734,0.00638654953788586,0.005078796994029712,0.004870185238433076,0.009719607008868321,0.006967452770422187,0.002005533337289284,0.006009618214699576,0.005839222242612972,0.005063519634691587,0.008707084939168533,0.005301340667130899,0.008486239085758246,0.0028006536402272993,4.50382062433235e-05,0.008494007548180148,0.0009148187038904055,0.007292240196147818
IMG_2308.jpg,0.007762115719250261,0.004884682633438968,0.007496663652885929,0.0031853307336648373,0.008974251946847346,0.004751586858029532,0.007354733833605673,0.003221338617279738,0.009292252296168743,0.004891229040767845,0.007024658623832884,0.0035016574653748186,0.00850148838699675,0.006074681346723954,0.006140115716679524,0.006030830366385561,0.010142897686923249,0.005953066063025613,0.007854495266798434,0.013287446829954464,0.0067894949873527925,0.00011385847644515131,7.332412579837673e-05,0.003378192750766742
IMG_2312.jpg,0.006603597514047128,0.011616937020212263,0.009006719889369234,0.003062574974665417,0.003380847093906266,0.01167118061787743,0.008332118401998465,0.0033113003357438347,0.0035608560276484463,0.01101450504047566,0.007013379836481349,0.003772959895105196,0.00518172919950781,0.003773219942545664,0.0038338249796064723,0.004271835863303226,0.02097985679095634,0.016027748548886122,0.01022426122285224,0.005119756982226777,0.0002009486763645043,3.789065141703842e-05,5.5587706119622024e-05,0.002284432695746804
IMG_2331.jpg,0.00619718204195808,0.003713074665338943,0.0019735978749299892,0.009798363746028363,0.0008352460701076175,0.003926728883204926,0.0017841495900368439,0.009646748188944763,0.0008444323251876603,0.0042262146833534475,0.0012267580522457586,0.01060684905191482,0.0007627596418663552,0.006102303451656295,0.00600631542240207,0.005883432724392888,0.005479204031695921,0.0049512954929105514,0.0010102442720105486,0.0009093584331097728,0.0002063813004638935,0.00037565569878861293,0.0027393141355957665,0.01138966633263556
IMG_2341.jpg,0.005643476331486009,0.0033253227192394184,0.009603730056261169,0.004734727741692389,0.002265767015103613,0.0047876177485286,0.00963836761109345,0.0028564033933014747,0.001731919904740047,0.00392626353889587,0.01056142530834432,0.003431484914028851,0.0015974912255538004,0.0051676242391654565,0.004332486568287933,0.004582843520663804,0.017385653352155545,0.0041751984684614465,0.008109748578886767,0.0017545464230572841,0.00043881583047969663,0.000898930391142903,0.003938277984377997,0.00600358771025407
IMG_2349.jpg,0.006986499194806058,0.008026189375972236,0.008951794870335848,0.003126803824643289,0.004865724637941951,0.00827289503720327,0.008907772029962228,0.0028479176149205825,0.0047012222786697415,0.00810646414493879,0.008821940206219868,0.0032560921155638783,0.004311754197830336,0.004480922665529316,0.0043526141728822505,0.004354114167136597,0.026456447577600083,0.010464230811551808,0.008952201755638723,0.004849041324817371,0.0006032549362837895,0.0031115632409094546,0.002099285351402645,0.0036866669129805023
IMG_3975.jpg,0.000775563743650959,5.760089518242414e-09,1.6422068155097376e-06,0.004119457068993017,0.017962664263352517,7.611335334544652e-08,2.1988071500791187e-06,0.008327283677249178,0.013078742992524237,1.394013955380773e-07,2.045375944578961e-06,0.012605159269443812,0.00824960515444595,0.009601190067594552,0.009348674655706664,0.00909461140659365,0.0006776696089789815,0.0,0.0,3.108280124110517e-08,0.0,0.023804815075768246,1.4497201269991074e-06,0.013258057775005517
IMG_4096.jpg,0.0034257334227233566,1.2159548973009736e-05,5.5374795422347456e-05,0.007210643289854341,0.02172272291866322,1.4812829535690745e-05,0.0010724558622989037,0.009443370029402716,0.018472214299704057,0.0002728782317657863,0.007893505105433676,0.0030714144211786026,0.01791468324980402,0.009698265140419216,0.00878833126439798,0.008437612736567374,0.0019412541678363454,0.0,0.0,0.0035393674945234047,0.0,0.003572752688677458,0.001796452407998722,0.02446195764960705
IMG_4098.jpg,0.0035360085704323765,0.00023144039684298018,0.004113445655119289,0.009711709865248294,0.012035029577275995,0.0001561611815715192,0.004252838132514238,0.01754544940822566,0.001970588720601765,0.0021709792501952083,0.007179094247534046,0.01373613332301221,0.0017730214540524634,0.00843140660099285,0.007957480022423918,0.005844064798466677,0.0015287073849482565,1.497394412769083e-05,0.0006194870883372824,0.0008852692621479164,0.0020390449119707522,0.05688788358755509,0.008190578939390191,0.0022695634198809907
IMG_4099.jpg,0.005816794572501999,0.0011139725123804915,0.010332085388645815,0.005204919166004435,0.013152218021367037,0.0015844750960854973,0.011489940713651553,0.008856869495523358,0.0062453835706257595,0.005863414373250397,0.004686949757346338,0.010426166520501715,0.004473250176131233,0.0077082897844167955,0.006545872464395231,0.005748176639508029,0.006437060501083464,0.0,6.8968741445105e-08,4.50700617996025e-07,5.841531289665823e-07,0.01665555260850489,0.024782988222926725,0.013291377977128177
IMG_4256.jpg,0.005616880777982575,8.87514592970791e-05,0.01669319963831284,0.011848141221924385,0.006317348848522182,0.0007629719636814245,0.015706424577276366,0.005359793730597841,0.013797779929999941,0.0008546118721291444,0.015234086653734956,0.00632071647435201,0.01228863822839348,0.007371721061233804,0.007166253035092476,0.007276818539476826,0.003698091862170493,1.5240040065339616e-06,0.001288060215228781,0.019426222368069634,0.0,0.012656143723983817,0.005160505310823167,0.015273911914283147
IMG_4257.jpg,0.00408448692796835,2.238370786789002e-05,0.0021028928968823196,0.014428222639392538,0.01056358673298492,0.0005604577499225284,0.0014132808306829162,0.009203781206742206,0.017322878204023444,0.0009763325239998089,0.004092992062811508,0.006674657049766416,0.016359229801462975,0.00870379504585435,0.008780312852556992,0.008815034921844035,0.0037376077839881144,7.337797068496852e-06,0.0011743898766498986,0.026365737490357533,8.178143805532152e-07,0.016730561176535104,0.0038608312169684665,0.0046526814373868495
IMG_4356.jpg,0.004150796690129157,0.005756287859160374,0.020356398208249856,0.001495541004063375,8.61487863185411e-05,0.0066658201300475095,0.017691414987223354,0.0015388713637348721,0.000157038161753077,0.006683692843336808,0.0165537437334064,0.0021890235229280216,0.0003723810077276647,0.003574230264776257,0.003266732893833719,0.003339363096638589,0.0029528966495558835,0.005010578442413396,0.00599794542119235,0.00021835667871876382,0.008623560566369171,3.749096100124688e-05,0.01687293012811086,0.009113437063415698
IMG_4358.jpg,0.0024493379481862246,0.01672002496791443,0.0023250510532811177,8.888779189446441e-05,9.148344081567103e-05,0.017305249114087404,0.0016686481238663202,9.001626433064071e-05,9.369180116467301e-05,0.017113658790363907,0.001710986197296652,0.00012288126798310945,8.68694097889582e-05,0.0010139362566509904,0.0009742146157261347,0.0009695134795208822,0.0034647182703286612,0.014925724318383564,0.000900692352563674,9.335719352765939e-05,0.03053380088170905,8.049764974041707e-05,0.013939308191743245,0.000508223528087533
IMG_4375.jpg,0.0037446394159417577,0.0024363738639785848,0.0176667877018416,0.0023942293858041043,1.853400183745506e-06,0.0025950262335796563,0.013110096758755142,0.0050304847497393565,2.8480523720546424e-06,0.0033347079085385583,0.01140305854999676,0.0033808680852998843,0.002593941553418296,0.004677766368660245,0.0047762852287067115,0.004971859776619052,0.0030135740292220065,0.0014776710593300242,0.008306437576810858,4.165095366308093e-06,0.004512816582518435,7.99380831583089e-07,0.012701632285194742,0.006820384890844004
JJ.jpg,0.005577743947058334,0.0019350675131164295,0.0018343136331763097,0.004509844752550603,0.016737772675250485,0.0019669095674063604,0.0017291301106761197,0.004499098917869229,0.017299434982896888,0.00195129426761016,0.0017080447518906384,0.004950058362386642,0.015842645016570952,0.008690789425636437,0.008699527819255166,0.00861410076459124,0.002355044145376937,0.0027088888993176993,0.002092068244963767,0.022472134851489873,0.0,0.0,0.0,0.007247306763969375
Jue.jpg,0.007171722299915401,0.002750356343617979,0.0022388613452569124,0.004064812166348582,0.015529228272896094,0.0027956141940115795,0.002110480179449483,0.004055126733268936,0.01605033597085281,0.002773419806187452,0.0020847445615693808,0.004461585389205476,0.014698732960603325,0.008282899561501944,0.008291227831021316,0.008209810173894683,0.0012503371533319685,0.003850206629946395,0.0023934616450788757,0.022471637526670016,0.0,0.0,0.0,0.0056907450199118505
LIMBO.jpg,0.004889898092640022,0.009041912041440066,0.005292110832182341,0.003189415822870532,1.96127003570953e-06,0.009190699126209336,0.004988649718050805,0.003181816240835398,2.027083538828927e-06,0.00911773414369533,0.004927817124534137,0.003500740121087217,1.8563823012919799e-06,0.0029505931217893647,0.0029538300993406322,0.002924823923050074,0.0019816752694791144,0.012656361399955563,0.005645919112179185,2.7974521116994653e-06,1.051475632139848e-06,0.0,3.397781547654158e-06,0.0030865324473331197
Nights_Watch.jpg,0.00599595044814163,0.0024911580753865887,0.0038567697758467192,0.00895646825838822,0.008312342922495736,0.0017660522828010614,0.00626811883647487,0.007363894582351807,0.009255176938243561,0.002404377845066315,0.008994920571818546,0.0040321568095636725,0.009168133835213714,0.007256402750943716,0.0072430263890492595,0.006834971844103174,0.005128918498694166,0.001640150851561026,0.006249967055110113,0.012907288629375128,0.0003792322113251052,0.009324137895751467,0.006539415670369161,0.004360876420806114
Rocky.jpg,0.005961924164145462,0.001723821990124407,0.0009456391679170276,0.0039017600876318026,0.018693992440618062,0.0017800044459566151,0.0008480099109210965,0.0038985723040214546,0.019309815353365865,0.001710118236546325,0.0009245391466060415,0.0042727839321815425,0.01770796579864365,0.009205802800470219,0.009205563711432494,0.009134380761571546,0.003547587171216931,0.002451340285726722,0.0008784942704956996,0.027143164973599435,0.0,0.00010874243912301955,4.0773378571849896e-07,0.005894772468197138
Shirley.jpg,0.00396544187194149,0.0003926134616529212,0.002468759839512253,0.010624200068454536,0.011092531455265602,0.00041102967268541403,0.002309989882923478,0.010596843676938734,0.011464404068453962,0.0003838824013544611,0.002315755164681399,0.01166373255096497,0.010499689014195932,0.00859765024034888,0.008603795359032605,0.008524258428310675,0.0021920120451656383,0.0005660828215381149,0.0026600159780868575,0.014096656477465396,0.0,5.32920554388726e-07,0.0,0.014003520418640664
Snow_Monster.jpg,0.007944577385385579,0.005412871322082761,0.00011550885263486644,0.013194322616444178,0.0012038765796694023,0.00550202939277563,0.00011058126541765612,0.013162392925295134,0.0012430177614275923,0.005458296492642302,0.00010903801761695937,0.01448195137545445,0.0011383429090637486,0.005601701827055858,0.00560667736857633,0.005551645643477862,0.0014051391163523589,0.007577444682646002,0.0002804860187798927,0.0005526677474674705,0.0,0.0,6.795563095308316e-07,0.015909157407248707
Xinyu.jpg,0.004308714231208312,0.00041218048574639065,0.0012458073780105495,0.005421202378443601,0.006033660944206976,0.00041896302605334325,0.0011743700806989832,0.0054082850059553175,0.006236129934271005,0.000415636877579739,0.0011600495767961332,0.005950375154805064,0.005710983793606153,0.0083942251862375,0.008402665391172764,0.0083201534467767,0.002716621930454441,0.0005770088820082393,0.0013402695525027255,0.006994500597683415,0.0,0.0,0.0,0.007618740189748783
Yijun.jpg,0.004864581506819663,0.0007346187767985645,0.0016292469795580397,0.002068687611588156,0.022038556038863705,0.0007467129804321702,0.0015358125636606437,0.002063758445219633,0.022778094475795995,0.0007407790158893428,0.0015170942976360168,0.002270615724657963,0.020859945153741823,0.009731250301638824,0.009741033326025153,0.009645381992186175,0.002861100597124649,0.001028396290906465,0.0017998575401382065,0.033002210841945274,0.0,0.0,0.0,0.003272353172797311
Zach.jpg,0.00654142360617732,0.0026062965047667364,0.001345051061230654,0.0074509137087001775,0.012361286847716276,0.0026535749669223075,0.0012646887959219641,0.007431087297667173,0.012774508159599098,0.002623511030460692,0.0012562017259622452,0.008180276225053497,0.011701826501043578,0.008007364419573755,0.008002110456663016,0.007951303041224248,0.0021951646058695437,0.003653795573908542,0.001397168764194937,0.016438496888572744,5.25737816069924e-06,6.456332516419415e-05,1.8121501587488842e-07,0.010313914019859437
dark_forest.jpg,0.002307368305261389,0.01374360239097399,0.003736344762681346,0.0003040071835082996,0.00013128741619039593,0.015657705322445203,0.0009686189201577233,0.00012472301998582368,7.069453841665883e-05,0.014666101363029671,0.002247069492485347,0.0002655240180495976,8.220060830120888e-05,0.0020713607833970494,0.0014984411006811842,0.0016851691141025536,0.006951139338736813,0.0041964700164468256,0.00012368065876577187,2.0949808036504886e-05,0.004262506966756254,0.00014274277049302025,0.04598181525437197,0.0013832044383884003
mountain_sea.jpg,0.005345818815708159,0.00023449900437716692,0.011573415922598798,0.007931556087806142,0.01134783978216409,0.00018155962209556126,0.010146982271284173,0.0073488866767856004,0.013344341613199298,0.00019127033146120357,0.008071530731695649,0.005745747365492229,0.016595862853408666,0.007780274209975752,0.008000865134055457,0.008590698164780086,0.0060583471474244185,0.00018341267265937296,0.01926063440108604,0.020461870222622015,0.0014756292190824835,2.66460277194363e-08,6.591696202449067e-06,3.7987201117040785e-07
test.jpg,0.006401382228059772,0.0028239587674820806,0.00844409146644278,0.004245774588370633,0.00935921983580659,0.004387700625431621,0.007182576107864052,0.005367430151913978,0.006373637146127466,0.0035816574807342625,0.006931077804425672,0.004957722902509219,0.008251554355862306,0.006798033745415771,0.005951836045445987,0.006577214718963519,0.004365970789865954,0.001954144057986595,0.0034842318490652595,0.002776548927864822,0.010131727114735093,0.010561632715097528,0.009546407036289123,0.009312625665844409
